Tilda UID;Название;№ фото;Файл;Full URL;Thumbnail URL;Full bytes;Thumbnail bytes;Full size;Thumbnail size
102483407232;Tom Ford Mandarino di Amalfi;1;102483407232-01.webp;https://raw.githubusercontent.com/nikitabratischev/files/main/catalog-images/catalog-full/102483407232-01.webp;https://raw.githubusercontent.com/nikitabratischev/files/main/catalog-images/catalog-thumbs/102483407232-01.webp;15802;6368;658x877;360x480
109740192581;Attar Collection Khaltat Night;1;109740192581-01.webp;https://raw.githubusercontent.com/nikitabratischev/files/main/catalog-images/catalog-full/109740192581-01.webp;https://raw.githubusercontent.com/nikitabratischev/files/main/catalog-images/catalog-thumbs/109740192581-01.webp;13802;5874;601x801;360x480
115014160503;Guerlain L`instant Magic;1;115014160503-01.webp;https://raw.githubusercontent.com/nikitabratischev/files/main/catalog-images/catalog-full/115014160503-01.webp;https://raw.githubusercontent.com/nikitabratischev/files/main/catalog-images/catalog-thumbs/115014160503-01.webp;14466;4890;658x877;360x480
115420724522;Rosendo Mateu 5 Floral, Amber, Sensual Musk;1;115420724522-01.webp;https://raw.githubusercontent.com/nikitabratischev/files/main/catalog-images/catalog-full/115420724522-01.webp;https://raw.githubusercontent.com/nikitabratischev/files/main/catalog-images/catalog-thumbs/115420724522-01.webp;14336;4974;658x877;360x480
116735380161;Vertus Narcosis;1;116735380161-01.webp;https://raw.githubusercontent.com/nikitabratischev/files/main/catalog-images/catalog-full/116735380161-01.webp;https://raw.githubusercontent.com/nikitabratischev/files/main/catalog-images/catalog-thumbs/116735380161-01.webp;11650;4758;603x804;360x480
117323629962;Yves Saint Laurent in Love Again La Collection edt;1;117323629962-01.webp;https://raw.githubusercontent.com/nikitabratischev/files/main/catalog-images/catalog-full/117323629962-01.webp;https://raw.githubusercontent.com/nikitabratischev/files/main/catalog-images/catalog-thumbs/117323629962-01.webp;7204;3048;658x877;360x480
118224286722;Attar Collection Second Skin;1;118224286722-01.webp;https://raw.githubusercontent.com/nikitabratischev/files/main/catalog-images/catalog-full/118224286722-01.webp;https://raw.githubusercontent.com/nikitabratischev/files/main/catalog-images/catalog-thumbs/118224286722-01.webp;18204;4670;658x877;360x480
118382584552;Guerlain Idylle;1;118382584552-01.webp;https://raw.githubusercontent.com/nikitabratischev/files/main/catalog-images/catalog-full/118382584552-01.webp;https://raw.githubusercontent.com/nikitabratischev/files/main/catalog-images/catalog-thumbs/118382584552-01.webp;19280;7182;658x877;360x480
120619881412;Tom Ford Rose De Chine;1;120619881412-01.webp;https://raw.githubusercontent.com/nikitabratischev/files/main/catalog-images/catalog-full/120619881412-01.webp;https://raw.githubusercontent.com/nikitabratischev/files/main/catalog-images/catalog-thumbs/120619881412-01.webp;12660;4602;658x877;360x480
127863702461;Initio High frequency;1;127863702461-01.webp;https://raw.githubusercontent.com/nikitabratischev/files/main/catalog-images/catalog-full/127863702461-01.webp;https://raw.githubusercontent.com/nikitabratischev/files/main/catalog-images/catalog-thumbs/127863702461-01.webp;3810;2316;450x600;360x480
129237257241;Clive Christian Crab Apple Blossom;1;129237257241-01.webp;https://raw.githubusercontent.com/nikitabratischev/files/main/catalog-images/catalog-full/129237257241-01.webp;https://raw.githubusercontent.com/nikitabratischev/files/main/catalog-images/catalog-thumbs/129237257241-01.webp;17994;6406;658x877;360x480
129247477451;Essential Parfums Bois Imperial;1;129247477451-01.webp;https://raw.githubusercontent.com/nikitabratischev/files/main/catalog-images/catalog-full/129247477451-01.webp;https://raw.githubusercontent.com/nikitabratischev/files/main/catalog-images/catalog-thumbs/129247477451-01.webp;12212;3422;857x1142;360x480
129247477451;Essential Parfums Bois Imperial;2;129247477451-02.webp;https://raw.githubusercontent.com/nikitabratischev/files/main/catalog-images/catalog-full/129247477451-02.webp;https://raw.githubusercontent.com/nikitabratischev/files/main/catalog-images/catalog-thumbs/129247477451-02.webp;28012;12836;540x720;360x480
130447084052;Kilian Fievre Verte;1;130447084052-01.webp;https://raw.githubusercontent.com/nikitabratischev/files/main/catalog-images/catalog-full/130447084052-01.webp;https://raw.githubusercontent.com/nikitabratischev/files/main/catalog-images/catalog-thumbs/130447084052-01.webp;39774;14426;658x877;360x480
130935212821;Брутальный Business casual Сет 4 х 5 ml;1;130935212821-01.webp;https://raw.githubusercontent.com/nikitabratischev/files/main/catalog-images/catalog-full/130935212821-01.webp;https://raw.githubusercontent.com/nikitabratischev/files/main/catalog-images/catalog-thumbs/130935212821-01.webp;40080;9322;900x1200;360x480
130935212821;Брутальный Business casual Сет 4 х 5 ml;2;130935212821-02.webp;https://raw.githubusercontent.com/nikitabratischev/files/main/catalog-images/catalog-full/130935212821-02.webp;https://raw.githubusercontent.com/nikitabratischev/files/main/catalog-images/catalog-thumbs/130935212821-02.webp;37416;4916;880x1200;352x480
134561987013;The house of oud Doux ennui;1;134561987013-01.webp;https://raw.githubusercontent.com/nikitabratischev/files/main/catalog-images/catalog-full/134561987013-01.webp;https://raw.githubusercontent.com/nikitabratischev/files/main/catalog-images/catalog-thumbs/134561987013-01.webp;27372;10652;658x877;360x480
135631222163;Nasomatto Silver Musk;1;135631222163-01.webp;https://raw.githubusercontent.com/nikitabratischev/files/main/catalog-images/catalog-full/135631222163-01.webp;https://raw.githubusercontent.com/nikitabratischev/files/main/catalog-images/catalog-thumbs/135631222163-01.webp;8814;2934;658x877;360x480
136283074372;Serge Lutens Arabie;1;136283074372-01.webp;https://raw.githubusercontent.com/nikitabratischev/files/main/catalog-images/catalog-full/136283074372-01.webp;https://raw.githubusercontent.com/nikitabratischev/files/main/catalog-images/catalog-thumbs/136283074372-01.webp;8396;3036;658x877;360x480
136548117991;Xerjoff Accento;1;136548117991-01.webp;https://raw.githubusercontent.com/nikitabratischev/files/main/catalog-images/catalog-full/136548117991-01.webp;https://raw.githubusercontent.com/nikitabratischev/files/main/catalog-images/catalog-thumbs/136548117991-01.webp;13658;3568;658x877;360x480
138072453442;"Van Cleef &amp; Arpels Bois d`Amande";1;138072453442-01.webp;https://raw.githubusercontent.com/nikitabratischev/files/main/catalog-images/catalog-full/138072453442-01.webp;https://raw.githubusercontent.com/nikitabratischev/files/main/catalog-images/catalog-thumbs/138072453442-01.webp;6832;2384;658x877;360x480
138900285391;Kilian Good Girl Gone Bad;1;138900285391-01.webp;https://raw.githubusercontent.com/nikitabratischev/files/main/catalog-images/catalog-full/138900285391-01.webp;https://raw.githubusercontent.com/nikitabratischev/files/main/catalog-images/catalog-thumbs/138900285391-01.webp;10448;2624;900x1200;360x480
140539070611;Maison Francis Kurkdjian Baccarat Rouge 540;1;140539070611-01.webp;https://raw.githubusercontent.com/nikitabratischev/files/main/catalog-images/catalog-full/140539070611-01.webp;https://raw.githubusercontent.com/nikitabratischev/files/main/catalog-images/catalog-thumbs/140539070611-01.webp;24814;5198;900x1200;360x480
141792268902;Ormonde Jayne 4. Montabaco (parfum);1;141792268902-01.webp;https://raw.githubusercontent.com/nikitabratischev/files/main/catalog-images/catalog-full/141792268902-01.webp;https://raw.githubusercontent.com/nikitabratischev/files/main/catalog-images/catalog-thumbs/141792268902-01.webp;19268;5924;658x877;360x480
149443199971;Attar Collection Azora;1;149443199971-01.webp;https://raw.githubusercontent.com/nikitabratischev/files/main/catalog-images/catalog-full/149443199971-01.webp;https://raw.githubusercontent.com/nikitabratischev/files/main/catalog-images/catalog-thumbs/149443199971-01.webp;20458;7682;600x800;360x480
150004669661;Tiziana Terenzi Gumin 2016;1;150004669661-01.webp;https://raw.githubusercontent.com/nikitabratischev/files/main/catalog-images/catalog-full/150004669661-01.webp;https://raw.githubusercontent.com/nikitabratischev/files/main/catalog-images/catalog-thumbs/150004669661-01.webp;11532;2560;878x1170;360x480
151775750382;Kilian Moonlight in Heaven;1;151775750382-01.webp;https://raw.githubusercontent.com/nikitabratischev/files/main/catalog-images/catalog-full/151775750382-01.webp;https://raw.githubusercontent.com/nikitabratischev/files/main/catalog-images/catalog-thumbs/151775750382-01.webp;13054;4452;658x877;360x480
155850923692;Kilian Roses On Ice;1;155850923692-01.webp;https://raw.githubusercontent.com/nikitabratischev/files/main/catalog-images/catalog-full/155850923692-01.webp;https://raw.githubusercontent.com/nikitabratischev/files/main/catalog-images/catalog-thumbs/155850923692-01.webp;45922;14648;658x877;360x480
155951884491;Byredo Mojave Ghost;1;155951884491-01.webp;https://raw.githubusercontent.com/nikitabratischev/files/main/catalog-images/catalog-full/155951884491-01.webp;https://raw.githubusercontent.com/nikitabratischev/files/main/catalog-images/catalog-thumbs/155951884491-01.webp;13454;4082;900x1200;360x480
157280884862;Kilian Apple Brandy On The Rocks;1;157280884862-01.webp;https://raw.githubusercontent.com/nikitabratischev/files/main/catalog-images/catalog-full/157280884862-01.webp;https://raw.githubusercontent.com/nikitabratischev/files/main/catalog-images/catalog-thumbs/157280884862-01.webp;58208;17096;658x877;360x480
159132832872;Ella K Musc K;1;159132832872-01.webp;https://raw.githubusercontent.com/nikitabratischev/files/main/catalog-images/catalog-full/159132832872-01.webp;https://raw.githubusercontent.com/nikitabratischev/files/main/catalog-images/catalog-thumbs/159132832872-01.webp;4054;1726;658x877;360x480
159761572811;"Сет клонов ""Потерянная вишня"" 4 х 5 ml";1;159761572811-01.webp;https://raw.githubusercontent.com/nikitabratischev/files/main/catalog-images/catalog-full/159761572811-01.webp;https://raw.githubusercontent.com/nikitabratischev/files/main/catalog-images/catalog-thumbs/159761572811-01.webp;35012;8758;900x1200;360x480
159761572811;"Сет клонов ""Потерянная вишня"" 4 х 5 ml";2;159761572811-02.webp;https://raw.githubusercontent.com/nikitabratischev/files/main/catalog-images/catalog-full/159761572811-02.webp;https://raw.githubusercontent.com/nikitabratischev/files/main/catalog-images/catalog-thumbs/159761572811-02.webp;37416;4916;880x1200;352x480
160141506992;Creed Aventus;1;160141506992-01.webp;https://raw.githubusercontent.com/nikitabratischev/files/main/catalog-images/catalog-full/160141506992-01.webp;https://raw.githubusercontent.com/nikitabratischev/files/main/catalog-images/catalog-thumbs/160141506992-01.webp;19114;5304;658x877;360x480
162030254281;Memo Winter Palace;1;162030254281-01.webp;https://raw.githubusercontent.com/nikitabratischev/files/main/catalog-images/catalog-full/162030254281-01.webp;https://raw.githubusercontent.com/nikitabratischev/files/main/catalog-images/catalog-thumbs/162030254281-01.webp;22642;7060;658x877;360x480
165948223271;Creed Spring Flower;1;165948223271-01.webp;https://raw.githubusercontent.com/nikitabratischev/files/main/catalog-images/catalog-full/165948223271-01.webp;https://raw.githubusercontent.com/nikitabratischev/files/main/catalog-images/catalog-thumbs/165948223271-01.webp;9838;4064;600x800;360x480
166204650923;Ramon Monegal Flamenco;1;166204650923-01.webp;https://raw.githubusercontent.com/nikitabratischev/files/main/catalog-images/catalog-full/166204650923-01.webp;https://raw.githubusercontent.com/nikitabratischev/files/main/catalog-images/catalog-thumbs/166204650923-01.webp;8092;3336;658x877;360x480
167418028411;Montale Mango Manga;1;167418028411-01.webp;https://raw.githubusercontent.com/nikitabratischev/files/main/catalog-images/catalog-full/167418028411-01.webp;https://raw.githubusercontent.com/nikitabratischev/files/main/catalog-images/catalog-thumbs/167418028411-01.webp;14126;3994;900x1200;360x480
169281545101;Tom Ford Vanille Fatale;1;169281545101-01.webp;https://raw.githubusercontent.com/nikitabratischev/files/main/catalog-images/catalog-full/169281545101-01.webp;https://raw.githubusercontent.com/nikitabratischev/files/main/catalog-images/catalog-thumbs/169281545101-01.webp;16256;3986;869x1158;360x480
171128868261;V Canto Stricnina;1;171128868261-01.webp;https://raw.githubusercontent.com/nikitabratischev/files/main/catalog-images/catalog-full/171128868261-01.webp;https://raw.githubusercontent.com/nikitabratischev/files/main/catalog-images/catalog-thumbs/171128868261-01.webp;8296;2758;670x893;360x480
172482940981;Stephane Humbert Lucas 777 Une Nuit a Doha;1;172482940981-01.webp;https://raw.githubusercontent.com/nikitabratischev/files/main/catalog-images/catalog-full/172482940981-01.webp;https://raw.githubusercontent.com/nikitabratischev/files/main/catalog-images/catalog-thumbs/172482940981-01.webp;26902;5832;900x1200;360x480
172621077971;"Business casual Сет ""Особенный""4 х 5 ml";1;172621077971-01.webp;https://raw.githubusercontent.com/nikitabratischev/files/main/catalog-images/catalog-full/172621077971-01.webp;https://raw.githubusercontent.com/nikitabratischev/files/main/catalog-images/catalog-thumbs/172621077971-01.webp;34860;5962;900x1200;360x480
172621077971;"Business casual Сет ""Особенный""4 х 5 ml";2;172621077971-02.webp;https://raw.githubusercontent.com/nikitabratischev/files/main/catalog-images/catalog-full/172621077971-02.webp;https://raw.githubusercontent.com/nikitabratischev/files/main/catalog-images/catalog-thumbs/172621077971-02.webp;37416;4916;880x1200;352x480
174273798542;Chanel Allure edp (парфюмерная вода);1;174273798542-01.webp;https://raw.githubusercontent.com/nikitabratischev/files/main/catalog-images/catalog-full/174273798542-01.webp;https://raw.githubusercontent.com/nikitabratischev/files/main/catalog-images/catalog-thumbs/174273798542-01.webp;8482;3330;658x877;360x480
174875121511;Les EAUX Primordiales Santal Superfluide;1;174875121511-01.webp;https://raw.githubusercontent.com/nikitabratischev/files/main/catalog-images/catalog-full/174875121511-01.webp;https://raw.githubusercontent.com/nikitabratischev/files/main/catalog-images/catalog-thumbs/174875121511-01.webp;7248;2434;698x931;360x480
175143318572;Memo Inle;1;175143318572-01.webp;https://raw.githubusercontent.com/nikitabratischev/files/main/catalog-images/catalog-full/175143318572-01.webp;https://raw.githubusercontent.com/nikitabratischev/files/main/catalog-images/catalog-thumbs/175143318572-01.webp;11966;4224;658x877;360x480
176568470442;French Avenue Royal Blend Sequoia;1;176568470442-01.webp;https://raw.githubusercontent.com/nikitabratischev/files/main/catalog-images/catalog-full/176568470442-01.webp;https://raw.githubusercontent.com/nikitabratischev/files/main/catalog-images/catalog-thumbs/176568470442-01.webp;13884;5606;658x877;360x480
177661474162;Xerjoff Erba Pura;1;177661474162-01.webp;https://raw.githubusercontent.com/nikitabratischev/files/main/catalog-images/catalog-full/177661474162-01.webp;https://raw.githubusercontent.com/nikitabratischev/files/main/catalog-images/catalog-thumbs/177661474162-01.webp;10782;3646;658x877;360x480
177840082972;Kilian Vodka on the Rocks;1;177840082972-01.webp;https://raw.githubusercontent.com/nikitabratischev/files/main/catalog-images/catalog-full/177840082972-01.webp;https://raw.githubusercontent.com/nikitabratischev/files/main/catalog-images/catalog-thumbs/177840082972-01.webp;10086;3920;658x877;360x480
178780114862;Louis Vuitton Imagination;1;178780114862-01.webp;https://raw.githubusercontent.com/nikitabratischev/files/main/catalog-images/catalog-full/178780114862-01.webp;https://raw.githubusercontent.com/nikitabratischev/files/main/catalog-images/catalog-thumbs/178780114862-01.webp;11480;4388;658x877;360x480
179690025171;Armaf Club de Nuit Intense Man;1;179690025171-01.webp;https://raw.githubusercontent.com/nikitabratischev/files/main/catalog-images/catalog-full/179690025171-01.webp;https://raw.githubusercontent.com/nikitabratischev/files/main/catalog-images/catalog-thumbs/179690025171-01.webp;6818;2702;658x877;360x480
180847208082;Louis Vuitton Afternoon Swim;1;180847208082-01.webp;https://raw.githubusercontent.com/nikitabratischev/files/main/catalog-images/catalog-full/180847208082-01.webp;https://raw.githubusercontent.com/nikitabratischev/files/main/catalog-images/catalog-thumbs/180847208082-01.webp;16208;5834;658x877;360x480
181256926391;Initio Absolute Aphrodisiac;1;181256926391-01.webp;https://raw.githubusercontent.com/nikitabratischev/files/main/catalog-images/catalog-full/181256926391-01.webp;https://raw.githubusercontent.com/nikitabratischev/files/main/catalog-images/catalog-thumbs/181256926391-01.webp;5740;3350;450x600;360x480
181370256822;Xerjoff Soprano;1;181370256822-01.webp;https://raw.githubusercontent.com/nikitabratischev/files/main/catalog-images/catalog-full/181370256822-01.webp;https://raw.githubusercontent.com/nikitabratischev/files/main/catalog-images/catalog-thumbs/181370256822-01.webp;18858;4328;658x877;360x480
183308767751;"Брутальный сет ""Вишня"" 4 х 5 ml";1;183308767751-01.webp;https://raw.githubusercontent.com/nikitabratischev/files/main/catalog-images/catalog-full/183308767751-01.webp;https://raw.githubusercontent.com/nikitabratischev/files/main/catalog-images/catalog-thumbs/183308767751-01.webp;42050;10248;900x1200;360x480
183308767751;"Брутальный сет ""Вишня"" 4 х 5 ml";2;183308767751-02.webp;https://raw.githubusercontent.com/nikitabratischev/files/main/catalog-images/catalog-full/183308767751-02.webp;https://raw.githubusercontent.com/nikitabratischev/files/main/catalog-images/catalog-thumbs/183308767751-02.webp;37416;4916;880x1200;352x480
184397584752;Richard White Chocola extrait;1;184397584752-01.webp;https://raw.githubusercontent.com/nikitabratischev/files/main/catalog-images/catalog-full/184397584752-01.webp;https://raw.githubusercontent.com/nikitabratischev/files/main/catalog-images/catalog-thumbs/184397584752-01.webp;9762;3682;658x877;360x480
186584100092;Tom Ford Rose d'Amalfi;1;186584100092-01.webp;https://raw.githubusercontent.com/nikitabratischev/files/main/catalog-images/catalog-full/186584100092-01.webp;https://raw.githubusercontent.com/nikitabratischev/files/main/catalog-images/catalog-thumbs/186584100092-01.webp;11984;4260;658x877;360x480
186800461132;Marc-Antoine Barrois Ganymede;1;186800461132-01.webp;https://raw.githubusercontent.com/nikitabratischev/files/main/catalog-images/catalog-full/186800461132-01.webp;https://raw.githubusercontent.com/nikitabratischev/files/main/catalog-images/catalog-thumbs/186800461132-01.webp;12624;4324;658x877;360x480
189066317472;La Sultane de Saba D`Udaipur Musc Encens Vanille;1;189066317472-01.webp;https://raw.githubusercontent.com/nikitabratischev/files/main/catalog-images/catalog-full/189066317472-01.webp;https://raw.githubusercontent.com/nikitabratischev/files/main/catalog-images/catalog-thumbs/189066317472-01.webp;39418;10690;658x877;360x480
190916050872;Osmassino Emotions;1;190916050872-01.webp;https://raw.githubusercontent.com/nikitabratischev/files/main/catalog-images/catalog-full/190916050872-01.webp;https://raw.githubusercontent.com/nikitabratischev/files/main/catalog-images/catalog-thumbs/190916050872-01.webp;7590;3290;658x877;360x480
193339133981;"Сет клонов ""Табачно-ванильный"" 4 х 5 ml";1;193339133981-01.webp;https://raw.githubusercontent.com/nikitabratischev/files/main/catalog-images/catalog-full/193339133981-01.webp;https://raw.githubusercontent.com/nikitabratischev/files/main/catalog-images/catalog-thumbs/193339133981-01.webp;30982;7230;900x1200;360x480
193339133981;"Сет клонов ""Табачно-ванильный"" 4 х 5 ml";2;193339133981-02.webp;https://raw.githubusercontent.com/nikitabratischev/files/main/catalog-images/catalog-full/193339133981-02.webp;https://raw.githubusercontent.com/nikitabratischev/files/main/catalog-images/catalog-thumbs/193339133981-02.webp;37416;4916;880x1200;352x480
195537363841;Kilian Kisses don't lie;1;195537363841-01.webp;https://raw.githubusercontent.com/nikitabratischev/files/main/catalog-images/catalog-full/195537363841-01.webp;https://raw.githubusercontent.com/nikitabratischev/files/main/catalog-images/catalog-thumbs/195537363841-01.webp;28772;5514;900x1200;360x480
197011332642;Tom Ford Fucking Fabulous;1;197011332642-01.webp;https://raw.githubusercontent.com/nikitabratischev/files/main/catalog-images/catalog-full/197011332642-01.webp;https://raw.githubusercontent.com/nikitabratischev/files/main/catalog-images/catalog-thumbs/197011332642-01.webp;6448;2648;658x877;360x480
200768053821;Al Wataniah Marjaan;1;200768053821-01.webp;https://raw.githubusercontent.com/nikitabratischev/files/main/catalog-images/catalog-full/200768053821-01.webp;https://raw.githubusercontent.com/nikitabratischev/files/main/catalog-images/catalog-thumbs/200768053821-01.webp;20334;5526;787x1049;360x480
201074300822;Guerlain Shalimar L'Essence;1;201074300822-01.webp;https://raw.githubusercontent.com/nikitabratischev/files/main/catalog-images/catalog-full/201074300822-01.webp;https://raw.githubusercontent.com/nikitabratischev/files/main/catalog-images/catalog-thumbs/201074300822-01.webp;22716;8820;658x877;360x480
206518121581;Pierre Guillaume Liqueur Charnelle;1;206518121581-01.webp;https://raw.githubusercontent.com/nikitabratischev/files/main/catalog-images/catalog-full/206518121581-01.webp;https://raw.githubusercontent.com/nikitabratischev/files/main/catalog-images/catalog-thumbs/206518121581-01.webp;9212;3548;699x932;360x480
207147863711;Montale Ristretto Intense Cafe;1;207147863711-01.webp;https://raw.githubusercontent.com/nikitabratischev/files/main/catalog-images/catalog-full/207147863711-01.webp;https://raw.githubusercontent.com/nikitabratischev/files/main/catalog-images/catalog-thumbs/207147863711-01.webp;15218;5182;715x954;360x480
207177805651;HFC Wear love everywhere;1;207177805651-01.webp;https://raw.githubusercontent.com/nikitabratischev/files/main/catalog-images/catalog-full/207177805651-01.webp;https://raw.githubusercontent.com/nikitabratischev/files/main/catalog-images/catalog-thumbs/207177805651-01.webp;30152;7492;704x939;360x480
207496151542;Montale Bubble forever;1;207496151542-01.webp;https://raw.githubusercontent.com/nikitabratischev/files/main/catalog-images/catalog-full/207496151542-01.webp;https://raw.githubusercontent.com/nikitabratischev/files/main/catalog-images/catalog-thumbs/207496151542-01.webp;9414;3440;658x877;360x480
209451283582;Guerlain Oud Nude;1;209451283582-01.webp;https://raw.githubusercontent.com/nikitabratischev/files/main/catalog-images/catalog-full/209451283582-01.webp;https://raw.githubusercontent.com/nikitabratischev/files/main/catalog-images/catalog-thumbs/209451283582-01.webp;20696;6432;658x877;360x480
210273746452;Сет 2 по цене1;1;210273746452-01.webp;https://raw.githubusercontent.com/nikitabratischev/files/main/catalog-images/catalog-full/210273746452-01.webp;https://raw.githubusercontent.com/nikitabratischev/files/main/catalog-images/catalog-thumbs/210273746452-01.webp;53240;13364;1030x1200;412x480
210273746452;Сет 2 по цене1;2;210273746452-02.webp;https://raw.githubusercontent.com/nikitabratischev/files/main/catalog-images/catalog-full/210273746452-02.webp;https://raw.githubusercontent.com/nikitabratischev/files/main/catalog-images/catalog-thumbs/210273746452-02.webp;25520;5538;900x1200;360x480
210273746452;Сет 2 по цене1;3;210273746452-03.webp;https://raw.githubusercontent.com/nikitabratischev/files/main/catalog-images/catalog-full/210273746452-03.webp;https://raw.githubusercontent.com/nikitabratischev/files/main/catalog-images/catalog-thumbs/210273746452-03.webp;37416;4916;880x1200;352x480
210273746452;Сет 2 по цене1;4;210273746452-04.webp;https://raw.githubusercontent.com/nikitabratischev/files/main/catalog-images/catalog-full/210273746452-04.webp;https://raw.githubusercontent.com/nikitabratischev/files/main/catalog-images/catalog-thumbs/210273746452-04.webp;30168;6384;900x1200;360x480
212385347512;Lancome Pivoines Printemps;1;212385347512-01.webp;https://raw.githubusercontent.com/nikitabratischev/files/main/catalog-images/catalog-full/212385347512-01.webp;https://raw.githubusercontent.com/nikitabratischev/files/main/catalog-images/catalog-thumbs/212385347512-01.webp;26142;8708;658x877;360x480
217574272392;Tom Ford Bitter Peach;1;217574272392-01.webp;https://raw.githubusercontent.com/nikitabratischev/files/main/catalog-images/catalog-full/217574272392-01.webp;https://raw.githubusercontent.com/nikitabratischev/files/main/catalog-images/catalog-thumbs/217574272392-01.webp;12200;5182;658x877;360x480
219491498432;Tom Ford Black Orchid;1;219491498432-01.webp;https://raw.githubusercontent.com/nikitabratischev/files/main/catalog-images/catalog-full/219491498432-01.webp;https://raw.githubusercontent.com/nikitabratischev/files/main/catalog-images/catalog-thumbs/219491498432-01.webp;13636;3926;658x877;360x480
219895182452;Guerlain Cuir Beluga;1;219895182452-01.webp;https://raw.githubusercontent.com/nikitabratischev/files/main/catalog-images/catalog-full/219895182452-01.webp;https://raw.githubusercontent.com/nikitabratischev/files/main/catalog-images/catalog-thumbs/219895182452-01.webp;20028;7098;658x877;360x480
220711743442;New Notes Latte Di Cherry;1;220711743442-01.webp;https://raw.githubusercontent.com/nikitabratischev/files/main/catalog-images/catalog-full/220711743442-01.webp;https://raw.githubusercontent.com/nikitabratischev/files/main/catalog-images/catalog-thumbs/220711743442-01.webp;18078;6606;658x877;360x480
222715790741;Tiziana Terenzi Kirke;1;222715790741-01.webp;https://raw.githubusercontent.com/nikitabratischev/files/main/catalog-images/catalog-full/222715790741-01.webp;https://raw.githubusercontent.com/nikitabratischev/files/main/catalog-images/catalog-thumbs/222715790741-01.webp;11416;4432;600x800;360x480
222715790741;Tiziana Terenzi Kirke;2;222715790741-02.webp;https://raw.githubusercontent.com/nikitabratischev/files/main/catalog-images/catalog-full/222715790741-02.webp;https://raw.githubusercontent.com/nikitabratischev/files/main/catalog-images/catalog-thumbs/222715790741-02.webp;37082;16922;540x720;360x480
228781037412;"Byredo 1996 Inez &amp; Vinoodh";1;228781037412-01.webp;https://raw.githubusercontent.com/nikitabratischev/files/main/catalog-images/catalog-full/228781037412-01.webp;https://raw.githubusercontent.com/nikitabratischev/files/main/catalog-images/catalog-thumbs/228781037412-01.webp;10776;3980;658x877;360x480
229717899062;Montale Full Incense;1;229717899062-01.webp;https://raw.githubusercontent.com/nikitabratischev/files/main/catalog-images/catalog-full/229717899062-01.webp;https://raw.githubusercontent.com/nikitabratischev/files/main/catalog-images/catalog-thumbs/229717899062-01.webp;12944;4836;658x877;360x480
232779334932;Attar Collection Musk Kashmir extrait (parfum);1;232779334932-01.webp;https://raw.githubusercontent.com/nikitabratischev/files/main/catalog-images/catalog-full/232779334932-01.webp;https://raw.githubusercontent.com/nikitabratischev/files/main/catalog-images/catalog-thumbs/232779334932-01.webp;13114;4022;658x877;360x480
233006339582;Louis Vuitton Symphony;1;233006339582-01.webp;https://raw.githubusercontent.com/nikitabratischev/files/main/catalog-images/catalog-full/233006339582-01.webp;https://raw.githubusercontent.com/nikitabratischev/files/main/catalog-images/catalog-thumbs/233006339582-01.webp;14316;5130;658x877;360x480
234417153941;Tom Ford Cafe Rose;1;234417153941-01.webp;https://raw.githubusercontent.com/nikitabratischev/files/main/catalog-images/catalog-full/234417153941-01.webp;https://raw.githubusercontent.com/nikitabratischev/files/main/catalog-images/catalog-thumbs/234417153941-01.webp;21290;5286;658x877;360x480
236330816641;Memo Marfa;1;236330816641-01.webp;https://raw.githubusercontent.com/nikitabratischev/files/main/catalog-images/catalog-full/236330816641-01.webp;https://raw.githubusercontent.com/nikitabratischev/files/main/catalog-images/catalog-thumbs/236330816641-01.webp;12496;4112;681x907;360x480
236515740932;27 87 Genetic Bliss;1;236515740932-01.webp;https://raw.githubusercontent.com/nikitabratischev/files/main/catalog-images/catalog-full/236515740932-01.webp;https://raw.githubusercontent.com/nikitabratischev/files/main/catalog-images/catalog-thumbs/236515740932-01.webp;4564;1752;658x877;360x480
237626759612;Amouage Love Mimosa;1;237626759612-01.webp;https://raw.githubusercontent.com/nikitabratischev/files/main/catalog-images/catalog-full/237626759612-01.webp;https://raw.githubusercontent.com/nikitabratischev/files/main/catalog-images/catalog-thumbs/237626759612-01.webp;17440;6660;658x877;360x480
239870287831;"Clive Christian Town &amp; Country";1;239870287831-01.webp;https://raw.githubusercontent.com/nikitabratischev/files/main/catalog-images/catalog-full/239870287831-01.webp;https://raw.githubusercontent.com/nikitabratischev/files/main/catalog-images/catalog-thumbs/239870287831-01.webp;12500;5758;544x726;360x480
241035490572;HFC SunMusk;1;241035490572-01.webp;https://raw.githubusercontent.com/nikitabratischev/files/main/catalog-images/catalog-full/241035490572-01.webp;https://raw.githubusercontent.com/nikitabratischev/files/main/catalog-images/catalog-thumbs/241035490572-01.webp;18996;6182;658x877;360x480
241966981091;"Хит-Сет ""Гурманика"" 4 х 5 ml";1;241966981091-01.webp;https://raw.githubusercontent.com/nikitabratischev/files/main/catalog-images/catalog-full/241966981091-01.webp;https://raw.githubusercontent.com/nikitabratischev/files/main/catalog-images/catalog-thumbs/241966981091-01.webp;34476;7690;900x1200;360x480
241966981091;"Хит-Сет ""Гурманика"" 4 х 5 ml";2;241966981091-02.webp;https://raw.githubusercontent.com/nikitabratischev/files/main/catalog-images/catalog-full/241966981091-02.webp;https://raw.githubusercontent.com/nikitabratischev/files/main/catalog-images/catalog-thumbs/241966981091-02.webp;37416;4916;880x1200;352x480
244595803882;Byredo Animalique;1;244595803882-01.webp;https://raw.githubusercontent.com/nikitabratischev/files/main/catalog-images/catalog-full/244595803882-01.webp;https://raw.githubusercontent.com/nikitabratischev/files/main/catalog-images/catalog-thumbs/244595803882-01.webp;13662;5102;658x877;360x480
245824623032;Maison Crivelli Oud Maracuja;1;245824623032-01.webp;https://raw.githubusercontent.com/nikitabratischev/files/main/catalog-images/catalog-full/245824623032-01.webp;https://raw.githubusercontent.com/nikitabratischev/files/main/catalog-images/catalog-thumbs/245824623032-01.webp;8054;3042;658x877;360x480
245873984672;Amouage Honour Woman;1;245873984672-01.webp;https://raw.githubusercontent.com/nikitabratischev/files/main/catalog-images/catalog-full/245873984672-01.webp;https://raw.githubusercontent.com/nikitabratischev/files/main/catalog-images/catalog-thumbs/245873984672-01.webp;13932;5404;658x877;360x480
246935403301;Zara Cherry Smoothie;1;246935403301-01.webp;https://raw.githubusercontent.com/nikitabratischev/files/main/catalog-images/catalog-full/246935403301-01.webp;https://raw.githubusercontent.com/nikitabratischev/files/main/catalog-images/catalog-thumbs/246935403301-01.webp;6276;3794;432x576;360x480
248103916511;Comme Des Garcons Wonderwood;1;248103916511-01.webp;https://raw.githubusercontent.com/nikitabratischev/files/main/catalog-images/catalog-full/248103916511-01.webp;https://raw.githubusercontent.com/nikitabratischev/files/main/catalog-images/catalog-thumbs/248103916511-01.webp;5416;2508;561x748;360x480
249081238092;Louis Vuitton L'Immensite;1;249081238092-01.webp;https://raw.githubusercontent.com/nikitabratischev/files/main/catalog-images/catalog-full/249081238092-01.webp;https://raw.githubusercontent.com/nikitabratischev/files/main/catalog-images/catalog-thumbs/249081238092-01.webp;11756;4330;658x877;360x480
252052837382;Narciso Rodriguez Narciso Poudree;1;252052837382-01.webp;https://raw.githubusercontent.com/nikitabratischev/files/main/catalog-images/catalog-full/252052837382-01.webp;https://raw.githubusercontent.com/nikitabratischev/files/main/catalog-images/catalog-thumbs/252052837382-01.webp;7196;2904;658x877;360x480
253505875181;Byredo Young Rose;1;253505875181-01.webp;https://raw.githubusercontent.com/nikitabratischev/files/main/catalog-images/catalog-full/253505875181-01.webp;https://raw.githubusercontent.com/nikitabratischev/files/main/catalog-images/catalog-thumbs/253505875181-01.webp;8644;3628;688x918;360x480
253599483132;Paris Corner Mawj Appletini;1;253599483132-01.webp;https://raw.githubusercontent.com/nikitabratischev/files/main/catalog-images/catalog-full/253599483132-01.webp;https://raw.githubusercontent.com/nikitabratischev/files/main/catalog-images/catalog-thumbs/253599483132-01.webp;36052;10850;658x877;360x480
253608472312;Ard Al Zaafaran Aneesa;1;253608472312-01.webp;https://raw.githubusercontent.com/nikitabratischev/files/main/catalog-images/catalog-full/253608472312-01.webp;https://raw.githubusercontent.com/nikitabratischev/files/main/catalog-images/catalog-thumbs/253608472312-01.webp;10542;4026;658x877;360x480
254100097251;"Брутальный сет ""Изысканный"" 4 х 5 ml";1;254100097251-01.webp;https://raw.githubusercontent.com/nikitabratischev/files/main/catalog-images/catalog-full/254100097251-01.webp;https://raw.githubusercontent.com/nikitabratischev/files/main/catalog-images/catalog-thumbs/254100097251-01.webp;42006;8722;900x1200;360x480
254100097251;"Брутальный сет ""Изысканный"" 4 х 5 ml";2;254100097251-02.webp;https://raw.githubusercontent.com/nikitabratischev/files/main/catalog-images/catalog-full/254100097251-02.webp;https://raw.githubusercontent.com/nikitabratischev/files/main/catalog-images/catalog-thumbs/254100097251-02.webp;37416;4916;880x1200;352x480
254745802292;Maissa Jardin de Baltchik Rose;1;254745802292-01.webp;https://raw.githubusercontent.com/nikitabratischev/files/main/catalog-images/catalog-full/254745802292-01.webp;https://raw.githubusercontent.com/nikitabratischev/files/main/catalog-images/catalog-thumbs/254745802292-01.webp;14182;4500;658x877;360x480
257753084252;La Sultane de Saba Ayurvedic Ambre Vanille Patchouli;1;257753084252-01.webp;https://raw.githubusercontent.com/nikitabratischev/files/main/catalog-images/catalog-full/257753084252-01.webp;https://raw.githubusercontent.com/nikitabratischev/files/main/catalog-images/catalog-thumbs/257753084252-01.webp;18576;6286;658x877;360x480
257867530541;Clive Christian E for Men Gourmand Oriental With Sweet Clove;1;257867530541-01.webp;https://raw.githubusercontent.com/nikitabratischev/files/main/catalog-images/catalog-full/257867530541-01.webp;https://raw.githubusercontent.com/nikitabratischev/files/main/catalog-images/catalog-thumbs/257867530541-01.webp;10114;5554;477x637;359x480
258674512082;Zoologist Rabbit;1;258674512082-01.webp;https://raw.githubusercontent.com/nikitabratischev/files/main/catalog-images/catalog-full/258674512082-01.webp;https://raw.githubusercontent.com/nikitabratischev/files/main/catalog-images/catalog-thumbs/258674512082-01.webp;16552;6164;658x877;360x480
260126234831;ByBozo Decent;1;260126234831-01.webp;https://raw.githubusercontent.com/nikitabratischev/files/main/catalog-images/catalog-full/260126234831-01.webp;https://raw.githubusercontent.com/nikitabratischev/files/main/catalog-images/catalog-thumbs/260126234831-01.webp;4536;2846;443x591;360x480
263904928972;Guerlain Peche Mirage;1;263904928972-01.webp;https://raw.githubusercontent.com/nikitabratischev/files/main/catalog-images/catalog-full/263904928972-01.webp;https://raw.githubusercontent.com/nikitabratischev/files/main/catalog-images/catalog-thumbs/263904928972-01.webp;18516;6484;658x877;360x480
265304640462;Maison Francis Kurkdjian Oud Satin Mood extrait;1;265304640462-01.webp;https://raw.githubusercontent.com/nikitabratischev/files/main/catalog-images/catalog-full/265304640462-01.webp;https://raw.githubusercontent.com/nikitabratischev/files/main/catalog-images/catalog-thumbs/265304640462-01.webp;12276;4758;658x877;360x480
265808030222;Vilhelm Parfumerie Mango Skin;1;265808030222-01.webp;https://raw.githubusercontent.com/nikitabratischev/files/main/catalog-images/catalog-full/265808030222-01.webp;https://raw.githubusercontent.com/nikitabratischev/files/main/catalog-images/catalog-thumbs/265808030222-01.webp;23804;8594;658x877;360x480
266329767932;Serge Lutens Rahat Loukoum;1;266329767932-01.webp;https://raw.githubusercontent.com/nikitabratischev/files/main/catalog-images/catalog-full/266329767932-01.webp;https://raw.githubusercontent.com/nikitabratischev/files/main/catalog-images/catalog-thumbs/266329767932-01.webp;14990;3942;658x877;360x480
266616209761;Tom Ford Tobacco Vanille;1;266616209761-01.webp;https://raw.githubusercontent.com/nikitabratischev/files/main/catalog-images/catalog-full/266616209761-01.webp;https://raw.githubusercontent.com/nikitabratischev/files/main/catalog-images/catalog-thumbs/266616209761-01.webp;11824;4168;703x938;360x480
268270783672;Marc-Antoine Barrois Aldebaran;1;268270783672-01.webp;https://raw.githubusercontent.com/nikitabratischev/files/main/catalog-images/catalog-full/268270783672-01.webp;https://raw.githubusercontent.com/nikitabratischev/files/main/catalog-images/catalog-thumbs/268270783672-01.webp;10224;3672;658x877;360x480
269606947701;HFC Wrap me in dreams;1;269606947701-01.webp;https://raw.githubusercontent.com/nikitabratischev/files/main/catalog-images/catalog-full/269606947701-01.webp;https://raw.githubusercontent.com/nikitabratischev/files/main/catalog-images/catalog-thumbs/269606947701-01.webp;25826;8842;600x801;360x480
269870499382;Tom Ford Plum japonais;1;269870499382-01.webp;https://raw.githubusercontent.com/nikitabratischev/files/main/catalog-images/catalog-full/269870499382-01.webp;https://raw.githubusercontent.com/nikitabratischev/files/main/catalog-images/catalog-thumbs/269870499382-01.webp;10544;4536;658x877;360x480
271308668622;Yves Saint Laurent Babycat;1;271308668622-01.webp;https://raw.githubusercontent.com/nikitabratischev/files/main/catalog-images/catalog-full/271308668622-01.webp;https://raw.githubusercontent.com/nikitabratischev/files/main/catalog-images/catalog-thumbs/271308668622-01.webp;15084;3582;658x877;360x480
271543286522;Maison Francis Kurkdjian Oud Satin Mood;1;271543286522-01.webp;https://raw.githubusercontent.com/nikitabratischev/files/main/catalog-images/catalog-full/271543286522-01.webp;https://raw.githubusercontent.com/nikitabratischev/files/main/catalog-images/catalog-thumbs/271543286522-01.webp;12848;4944;658x877;360x480
271770424352;Billie Eilish;1;271770424352-01.webp;https://raw.githubusercontent.com/nikitabratischev/files/main/catalog-images/catalog-full/271770424352-01.webp;https://raw.githubusercontent.com/nikitabratischev/files/main/catalog-images/catalog-thumbs/271770424352-01.webp;21638;5814;658x877;360x480
273230256411;Floraiku One Umbrella For Two;1;273230256411-01.webp;https://raw.githubusercontent.com/nikitabratischev/files/main/catalog-images/catalog-full/273230256411-01.webp;https://raw.githubusercontent.com/nikitabratischev/files/main/catalog-images/catalog-thumbs/273230256411-01.webp;15550;5190;637x849;360x480
273616728222;Kilian L'Heure Verte;1;273616728222-01.webp;https://raw.githubusercontent.com/nikitabratischev/files/main/catalog-images/catalog-full/273616728222-01.webp;https://raw.githubusercontent.com/nikitabratischev/files/main/catalog-images/catalog-thumbs/273616728222-01.webp;31902;13180;658x877;360x480
274211387492;Initio Rehab;1;274211387492-01.webp;https://raw.githubusercontent.com/nikitabratischev/files/main/catalog-images/catalog-full/274211387492-01.webp;https://raw.githubusercontent.com/nikitabratischev/files/main/catalog-images/catalog-thumbs/274211387492-01.webp;3736;2054;450x600;360x480
276170681521;Tom Ford Metallique;1;276170681521-01.webp;https://raw.githubusercontent.com/nikitabratischev/files/main/catalog-images/catalog-full/276170681521-01.webp;https://raw.githubusercontent.com/nikitabratischev/files/main/catalog-images/catalog-thumbs/276170681521-01.webp;6290;2004;746x995;360x480
277338592072;Montale Intense Tiare;1;277338592072-01.webp;https://raw.githubusercontent.com/nikitabratischev/files/main/catalog-images/catalog-full/277338592072-01.webp;https://raw.githubusercontent.com/nikitabratischev/files/main/catalog-images/catalog-thumbs/277338592072-01.webp;10614;4004;658x877;360x480
278819745872;Byredo Bibliotheque;1;278819745872-01.webp;https://raw.githubusercontent.com/nikitabratischev/files/main/catalog-images/catalog-full/278819745872-01.webp;https://raw.githubusercontent.com/nikitabratischev/files/main/catalog-images/catalog-thumbs/278819745872-01.webp;13328;5070;658x877;360x480
280623173212;Louis Vuitton Pacific Chill;1;280623173212-01.webp;https://raw.githubusercontent.com/nikitabratischev/files/main/catalog-images/catalog-full/280623173212-01.webp;https://raw.githubusercontent.com/nikitabratischev/files/main/catalog-images/catalog-thumbs/280623173212-01.webp;14268;4934;658x877;360x480
284908009542;24K Paris World Luxury Supreme Rouge;1;284908009542-01.webp;https://raw.githubusercontent.com/nikitabratischev/files/main/catalog-images/catalog-full/284908009542-01.webp;https://raw.githubusercontent.com/nikitabratischev/files/main/catalog-images/catalog-thumbs/284908009542-01.webp;21288;7060;658x877;360x480
287573454222;"Dolce &amp; Gabbana Collection №14 La Temperance";1;287573454222-01.webp;https://raw.githubusercontent.com/nikitabratischev/files/main/catalog-images/catalog-full/287573454222-01.webp;https://raw.githubusercontent.com/nikitabratischev/files/main/catalog-images/catalog-thumbs/287573454222-01.webp;9692;3748;658x877;360x480
287636673192;Memo Irish Leather;1;287636673192-01.webp;https://raw.githubusercontent.com/nikitabratischev/files/main/catalog-images/catalog-full/287636673192-01.webp;https://raw.githubusercontent.com/nikitabratischev/files/main/catalog-images/catalog-thumbs/287636673192-01.webp;22276;7738;658x877;360x480
289481964502;Guerlain Bois d'Armenie;1;289481964502-01.webp;https://raw.githubusercontent.com/nikitabratischev/files/main/catalog-images/catalog-full/289481964502-01.webp;https://raw.githubusercontent.com/nikitabratischev/files/main/catalog-images/catalog-thumbs/289481964502-01.webp;19840;6974;658x877;360x480
299840138342;Tom Ford Noir Extreme;1;299840138342-01.webp;https://raw.githubusercontent.com/nikitabratischev/files/main/catalog-images/catalog-full/299840138342-01.webp;https://raw.githubusercontent.com/nikitabratischev/files/main/catalog-images/catalog-thumbs/299840138342-01.webp;10494;3708;658x877;360x480
300262014732;Lattafa Bade'e Al Oud Noble Blush;1;300262014732-01.webp;https://raw.githubusercontent.com/nikitabratischev/files/main/catalog-images/catalog-full/300262014732-01.webp;https://raw.githubusercontent.com/nikitabratischev/files/main/catalog-images/catalog-thumbs/300262014732-01.webp;18702;5828;658x877;360x480
302550848722;Zarkoperfume Pink Molecule 090.09;1;302550848722-01.webp;https://raw.githubusercontent.com/nikitabratischev/files/main/catalog-images/catalog-full/302550848722-01.webp;https://raw.githubusercontent.com/nikitabratischev/files/main/catalog-images/catalog-thumbs/302550848722-01.webp;13690;5182;658x877;360x480
303605132361;Stephane Humbert Lucas 777 Khol de Bahrein;1;303605132361-01.webp;https://raw.githubusercontent.com/nikitabratischev/files/main/catalog-images/catalog-full/303605132361-01.webp;https://raw.githubusercontent.com/nikitabratischev/files/main/catalog-images/catalog-thumbs/303605132361-01.webp;18966;6608;658x877;360x480
305573187492;Les Liquides Imaginaires Blanche Bete;1;305573187492-01.webp;https://raw.githubusercontent.com/nikitabratischev/files/main/catalog-images/catalog-full/305573187492-01.webp;https://raw.githubusercontent.com/nikitabratischev/files/main/catalog-images/catalog-thumbs/305573187492-01.webp;5214;1806;658x877;360x480
308130817921;Kajal Dahab;1;308130817921-01.webp;https://raw.githubusercontent.com/nikitabratischev/files/main/catalog-images/catalog-full/308130817921-01.webp;https://raw.githubusercontent.com/nikitabratischev/files/main/catalog-images/catalog-thumbs/308130817921-01.webp;17646;5714;750x1000;360x480
313273592552;Louis Vuitton Elves;1;313273592552-01.webp;https://raw.githubusercontent.com/nikitabratischev/files/main/catalog-images/catalog-full/313273592552-01.webp;https://raw.githubusercontent.com/nikitabratischev/files/main/catalog-images/catalog-thumbs/313273592552-01.webp;11614;4508;658x877;360x480
317728666042;Initio Side Effect;1;317728666042-01.webp;https://raw.githubusercontent.com/nikitabratischev/files/main/catalog-images/catalog-full/317728666042-01.webp;https://raw.githubusercontent.com/nikitabratischev/files/main/catalog-images/catalog-thumbs/317728666042-01.webp;6804;2568;658x877;360x480
318974188501;ArteOlfatto Habano Vanilla;1;318974188501-01.webp;https://raw.githubusercontent.com/nikitabratischev/files/main/catalog-images/catalog-full/318974188501-01.webp;https://raw.githubusercontent.com/nikitabratischev/files/main/catalog-images/catalog-thumbs/318974188501-01.webp;4882;3750;375x500;360x480
319028196092;Hormone Paris This is Not GABA;1;319028196092-01.webp;https://raw.githubusercontent.com/nikitabratischev/files/main/catalog-images/catalog-full/319028196092-01.webp;https://raw.githubusercontent.com/nikitabratischev/files/main/catalog-images/catalog-thumbs/319028196092-01.webp;9644;2834;658x877;360x480
319330944552;Tom Ford Velvet Orchid Lumiere;1;319330944552-01.webp;https://raw.githubusercontent.com/nikitabratischev/files/main/catalog-images/catalog-full/319330944552-01.webp;https://raw.githubusercontent.com/nikitabratischev/files/main/catalog-images/catalog-thumbs/319330944552-01.webp;15772;4630;658x877;360x480
320720850541;Nobile 1942 Malia;1;320720850541-01.webp;https://raw.githubusercontent.com/nikitabratischev/files/main/catalog-images/catalog-full/320720850541-01.webp;https://raw.githubusercontent.com/nikitabratischev/files/main/catalog-images/catalog-thumbs/320720850541-01.webp;12266;3580;591x788;360x480
321126818922;Montale Chocolate Greedy;1;321126818922-01.webp;https://raw.githubusercontent.com/nikitabratischev/files/main/catalog-images/catalog-full/321126818922-01.webp;https://raw.githubusercontent.com/nikitabratischev/files/main/catalog-images/catalog-thumbs/321126818922-01.webp;9560;3654;658x877;360x480
321936235802;Clive Christian Jump up and Kiss Me Hedonistic;1;321936235802-01.webp;https://raw.githubusercontent.com/nikitabratischev/files/main/catalog-images/catalog-full/321936235802-01.webp;https://raw.githubusercontent.com/nikitabratischev/files/main/catalog-images/catalog-thumbs/321936235802-01.webp;20148;6556;658x877;360x480
322529178631;Akro Awake;1;322529178631-01.webp;https://raw.githubusercontent.com/nikitabratischev/files/main/catalog-images/catalog-full/322529178631-01.webp;https://raw.githubusercontent.com/nikitabratischev/files/main/catalog-images/catalog-thumbs/322529178631-01.webp;12230;3276;899x1200;360x480
323015210852;Tiziana Terenzi Kirke Overdose;1;323015210852-01.webp;https://raw.githubusercontent.com/nikitabratischev/files/main/catalog-images/catalog-full/323015210852-01.webp;https://raw.githubusercontent.com/nikitabratischev/files/main/catalog-images/catalog-thumbs/323015210852-01.webp;21946;7174;658x877;360x480
330955890442;Attar Collection Musk Kashmir;1;330955890442-01.webp;https://raw.githubusercontent.com/nikitabratischev/files/main/catalog-images/catalog-full/330955890442-01.webp;https://raw.githubusercontent.com/nikitabratischev/files/main/catalog-images/catalog-thumbs/330955890442-01.webp;13146;4468;658x877;360x480
331744158992;Tom Ford Soleil Neige;1;331744158992-01.webp;https://raw.githubusercontent.com/nikitabratischev/files/main/catalog-images/catalog-full/331744158992-01.webp;https://raw.githubusercontent.com/nikitabratischev/files/main/catalog-images/catalog-thumbs/331744158992-01.webp;5320;2050;658x877;360x480
332001026912;Memo Tiger`s Nest;1;332001026912-01.webp;https://raw.githubusercontent.com/nikitabratischev/files/main/catalog-images/catalog-full/332001026912-01.webp;https://raw.githubusercontent.com/nikitabratischev/files/main/catalog-images/catalog-thumbs/332001026912-01.webp;16520;5048;658x877;360x480
333888779411;Orlov Paris De Young Red;1;333888779411-01.webp;https://raw.githubusercontent.com/nikitabratischev/files/main/catalog-images/catalog-full/333888779411-01.webp;https://raw.githubusercontent.com/nikitabratischev/files/main/catalog-images/catalog-thumbs/333888779411-01.webp;7378;2876;738x983;360x480
338353384522;Tom Ford Vanilla Sex;1;338353384522-01.webp;https://raw.githubusercontent.com/nikitabratischev/files/main/catalog-images/catalog-full/338353384522-01.webp;https://raw.githubusercontent.com/nikitabratischev/files/main/catalog-images/catalog-thumbs/338353384522-01.webp;10052;4000;658x877;360x480
342290807482;Di Caprio Parfum Light Pink;1;342290807482-01.webp;https://raw.githubusercontent.com/nikitabratischev/files/main/catalog-images/catalog-full/342290807482-01.webp;https://raw.githubusercontent.com/nikitabratischev/files/main/catalog-images/catalog-thumbs/342290807482-01.webp;13496;5076;658x877;360x480
344378383061;Kilian Gold Knight;1;344378383061-01.webp;https://raw.githubusercontent.com/nikitabratischev/files/main/catalog-images/catalog-full/344378383061-01.webp;https://raw.githubusercontent.com/nikitabratischev/files/main/catalog-images/catalog-thumbs/344378383061-01.webp;15360;4100;815x1086;360x480
344505068632;Carolina Herrera Very Good Girl Glam;1;344505068632-01.webp;https://raw.githubusercontent.com/nikitabratischev/files/main/catalog-images/catalog-full/344505068632-01.webp;https://raw.githubusercontent.com/nikitabratischev/files/main/catalog-images/catalog-thumbs/344505068632-01.webp;12810;4356;658x877;360x480
347327447221;Mancera Black Vanilla;1;347327447221-01.webp;https://raw.githubusercontent.com/nikitabratischev/files/main/catalog-images/catalog-full/347327447221-01.webp;https://raw.githubusercontent.com/nikitabratischev/files/main/catalog-images/catalog-thumbs/347327447221-01.webp;13798;4530;789x1052;360x480
350436360702;Kilian Playing with the Devil;1;350436360702-01.webp;https://raw.githubusercontent.com/nikitabratischev/files/main/catalog-images/catalog-full/350436360702-01.webp;https://raw.githubusercontent.com/nikitabratischev/files/main/catalog-images/catalog-thumbs/350436360702-01.webp;14114;4576;658x877;360x480
352999662321;Les EAUX Primordiales Plumeria Supercritique;1;352999662321-01.webp;https://raw.githubusercontent.com/nikitabratischev/files/main/catalog-images/catalog-full/352999662321-01.webp;https://raw.githubusercontent.com/nikitabratischev/files/main/catalog-images/catalog-thumbs/352999662321-01.webp;8656;2208;899x1200;360x480
355832155902;Tom Ford Cherry Smoke;1;355832155902-01.webp;https://raw.githubusercontent.com/nikitabratischev/files/main/catalog-images/catalog-full/355832155902-01.webp;https://raw.githubusercontent.com/nikitabratischev/files/main/catalog-images/catalog-thumbs/355832155902-01.webp;15602;6052;658x877;360x480
356017551812;Parfums de Marly Althair;1;356017551812-01.webp;https://raw.githubusercontent.com/nikitabratischev/files/main/catalog-images/catalog-full/356017551812-01.webp;https://raw.githubusercontent.com/nikitabratischev/files/main/catalog-images/catalog-thumbs/356017551812-01.webp;7816;2934;658x877;360x480
358200736653;Parfums de Marly Sedbury;1;358200736653-01.webp;https://raw.githubusercontent.com/nikitabratischev/files/main/catalog-images/catalog-full/358200736653-01.webp;https://raw.githubusercontent.com/nikitabratischev/files/main/catalog-images/catalog-thumbs/358200736653-01.webp;8438;3174;658x877;360x480
360826686261;"Сет ""Покоритель женских сердец"" 4 х 5 ml";1;360826686261-01.webp;https://raw.githubusercontent.com/nikitabratischev/files/main/catalog-images/catalog-full/360826686261-01.webp;https://raw.githubusercontent.com/nikitabratischev/files/main/catalog-images/catalog-thumbs/360826686261-01.webp;34700;8116;900x1200;360x480
360826686261;"Сет ""Покоритель женских сердец"" 4 х 5 ml";2;360826686261-02.webp;https://raw.githubusercontent.com/nikitabratischev/files/main/catalog-images/catalog-full/360826686261-02.webp;https://raw.githubusercontent.com/nikitabratischev/files/main/catalog-images/catalog-thumbs/360826686261-02.webp;37416;4916;880x1200;352x480
362131824321;HFC Dancing queen;1;362131824321-01.webp;https://raw.githubusercontent.com/nikitabratischev/files/main/catalog-images/catalog-full/362131824321-01.webp;https://raw.githubusercontent.com/nikitabratischev/files/main/catalog-images/catalog-thumbs/362131824321-01.webp;38896;9950;901x1200;360x480
362391721991;"Брутальный сет ""Табак и специи"" 4 х 5 ml";1;362391721991-01.webp;https://raw.githubusercontent.com/nikitabratischev/files/main/catalog-images/catalog-full/362391721991-01.webp;https://raw.githubusercontent.com/nikitabratischev/files/main/catalog-images/catalog-thumbs/362391721991-01.webp;38476;7804;900x1200;360x480
362391721991;"Брутальный сет ""Табак и специи"" 4 х 5 ml";2;362391721991-02.webp;https://raw.githubusercontent.com/nikitabratischev/files/main/catalog-images/catalog-full/362391721991-02.webp;https://raw.githubusercontent.com/nikitabratischev/files/main/catalog-images/catalog-thumbs/362391721991-02.webp;37416;4916;880x1200;352x480
364000109382;Le Labo Santal 33;1;364000109382-01.webp;https://raw.githubusercontent.com/nikitabratischev/files/main/catalog-images/catalog-full/364000109382-01.webp;https://raw.githubusercontent.com/nikitabratischev/files/main/catalog-images/catalog-thumbs/364000109382-01.webp;9938;3802;658x877;360x480
366593521271;Yves Saint Laurent Manifesto;1;366593521271-01.webp;https://raw.githubusercontent.com/nikitabratischev/files/main/catalog-images/catalog-full/366593521271-01.webp;https://raw.githubusercontent.com/nikitabratischev/files/main/catalog-images/catalog-thumbs/366593521271-01.webp;9468;3424;664x884;361x480
371361844062;French Avenue Royal Blend;1;371361844062-01.webp;https://raw.githubusercontent.com/nikitabratischev/files/main/catalog-images/catalog-full/371361844062-01.webp;https://raw.githubusercontent.com/nikitabratischev/files/main/catalog-images/catalog-thumbs/371361844062-01.webp;19778;7076;658x877;360x480
372249943282;Kilian Angel's Share Paradis;1;372249943282-01.webp;https://raw.githubusercontent.com/nikitabratischev/files/main/catalog-images/catalog-full/372249943282-01.webp;https://raw.githubusercontent.com/nikitabratischev/files/main/catalog-images/catalog-thumbs/372249943282-01.webp;43246;13172;658x877;360x480
374125241561;Amouroud Midnight Rose;1;374125241561-01.webp;https://raw.githubusercontent.com/nikitabratischev/files/main/catalog-images/catalog-full/374125241561-01.webp;https://raw.githubusercontent.com/nikitabratischev/files/main/catalog-images/catalog-thumbs/374125241561-01.webp;6776;3198;525x700;360x480
378901261111;HFC Diamond in the Sky;1;378901261111-01.webp;https://raw.githubusercontent.com/nikitabratischev/files/main/catalog-images/catalog-full/378901261111-01.webp;https://raw.githubusercontent.com/nikitabratischev/files/main/catalog-images/catalog-thumbs/378901261111-01.webp;25320;7712;695x927;360x480
379917866462;"Брутальный сет ""Беспроигрышный"" 4 х 5 ml";1;379917866462-01.webp;https://raw.githubusercontent.com/nikitabratischev/files/main/catalog-images/catalog-full/379917866462-01.webp;https://raw.githubusercontent.com/nikitabratischev/files/main/catalog-images/catalog-thumbs/379917866462-01.webp;42080;9390;900x1200;360x480
379917866462;"Брутальный сет ""Беспроигрышный"" 4 х 5 ml";2;379917866462-02.webp;https://raw.githubusercontent.com/nikitabratischev/files/main/catalog-images/catalog-full/379917866462-02.webp;https://raw.githubusercontent.com/nikitabratischev/files/main/catalog-images/catalog-thumbs/379917866462-02.webp;37416;4916;880x1200;352x480
380352868922;Byredo Slow Dance;1;380352868922-01.webp;https://raw.githubusercontent.com/nikitabratischev/files/main/catalog-images/catalog-full/380352868922-01.webp;https://raw.githubusercontent.com/nikitabratischev/files/main/catalog-images/catalog-thumbs/380352868922-01.webp;14206;5132;658x877;360x480
382206860342;Tom Ford Electric Cherry;1;382206860342-01.webp;https://raw.githubusercontent.com/nikitabratischev/files/main/catalog-images/catalog-full/382206860342-01.webp;https://raw.githubusercontent.com/nikitabratischev/files/main/catalog-images/catalog-thumbs/382206860342-01.webp;15862;5948;658x877;360x480
383156835892;Alhambra Kismet Magic;1;383156835892-01.webp;https://raw.githubusercontent.com/nikitabratischev/files/main/catalog-images/catalog-full/383156835892-01.webp;https://raw.githubusercontent.com/nikitabratischev/files/main/catalog-images/catalog-thumbs/383156835892-01.webp;24008;9222;658x877;360x480
384034248622;Kayali Utopia Vanilla Coco 21;1;384034248622-01.webp;https://raw.githubusercontent.com/nikitabratischev/files/main/catalog-images/catalog-full/384034248622-01.webp;https://raw.githubusercontent.com/nikitabratischev/files/main/catalog-images/catalog-thumbs/384034248622-01.webp;7728;2908;761x1015;360x480
386238862672;Vilhelm Parfumerie Chimilka;1;386238862672-01.webp;https://raw.githubusercontent.com/nikitabratischev/files/main/catalog-images/catalog-full/386238862672-01.webp;https://raw.githubusercontent.com/nikitabratischev/files/main/catalog-images/catalog-thumbs/386238862672-01.webp;28118;8820;658x877;360x480
391623817412;Carolina Herrera Good Girl;1;391623817412-01.webp;https://raw.githubusercontent.com/nikitabratischev/files/main/catalog-images/catalog-full/391623817412-01.webp;https://raw.githubusercontent.com/nikitabratischev/files/main/catalog-images/catalog-thumbs/391623817412-01.webp;9624;3394;658x877;360x480
392101770022;Xerjoff Apollonia Shooting Stars Collection;1;392101770022-01.webp;https://raw.githubusercontent.com/nikitabratischev/files/main/catalog-images/catalog-full/392101770022-01.webp;https://raw.githubusercontent.com/nikitabratischev/files/main/catalog-images/catalog-thumbs/392101770022-01.webp;17664;5012;658x877;360x480
393211524872;Amouage Guidance 46;1;393211524872-01.webp;https://raw.githubusercontent.com/nikitabratischev/files/main/catalog-images/catalog-full/393211524872-01.webp;https://raw.githubusercontent.com/nikitabratischev/files/main/catalog-images/catalog-thumbs/393211524872-01.webp;14516;5268;658x877;360x480
398740681681;Penhaligon's Elisabethan Rose;1;398740681681-01.webp;https://raw.githubusercontent.com/nikitabratischev/files/main/catalog-images/catalog-full/398740681681-01.webp;https://raw.githubusercontent.com/nikitabratischev/files/main/catalog-images/catalog-thumbs/398740681681-01.webp;12764;4624;601x802;360x480
400327667902;Attar Collection Azalea;1;400327667902-01.webp;https://raw.githubusercontent.com/nikitabratischev/files/main/catalog-images/catalog-full/400327667902-01.webp;https://raw.githubusercontent.com/nikitabratischev/files/main/catalog-images/catalog-thumbs/400327667902-01.webp;21772;6486;658x877;360x480
401433964612;Clive Christian L Red Tea Vetiver;1;401433964612-01.webp;https://raw.githubusercontent.com/nikitabratischev/files/main/catalog-images/catalog-full/401433964612-01.webp;https://raw.githubusercontent.com/nikitabratischev/files/main/catalog-images/catalog-thumbs/401433964612-01.webp;20754;7758;658x877;360x480
402016913892;"Jo Malone English Pear &amp; Freesia";1;402016913892-01.webp;https://raw.githubusercontent.com/nikitabratischev/files/main/catalog-images/catalog-full/402016913892-01.webp;https://raw.githubusercontent.com/nikitabratischev/files/main/catalog-images/catalog-thumbs/402016913892-01.webp;10622;3596;658x877;360x480
403062126121;Trussardi Aperitivo Milanese Porta Nuova;1;403062126121-01.webp;https://raw.githubusercontent.com/nikitabratischev/files/main/catalog-images/catalog-full/403062126121-01.webp;https://raw.githubusercontent.com/nikitabratischev/files/main/catalog-images/catalog-thumbs/403062126121-01.webp;5496;2318;522x696;360x480
403610105101;Initio Musk Therapy;1;403610105101-01.webp;https://raw.githubusercontent.com/nikitabratischev/files/main/catalog-images/catalog-full/403610105101-01.webp;https://raw.githubusercontent.com/nikitabratischev/files/main/catalog-images/catalog-thumbs/403610105101-01.webp;3736;2054;450x600;360x480
403900036661;Montale Roses Musk limited edition;1;403900036661-01.webp;https://raw.githubusercontent.com/nikitabratischev/files/main/catalog-images/catalog-full/403900036661-01.webp;https://raw.githubusercontent.com/nikitabratischev/files/main/catalog-images/catalog-thumbs/403900036661-01.webp;25402;6764;764x1018;360x480
404310886912;Clive Christian 20 Iconic Feminine;1;404310886912-01.webp;https://raw.githubusercontent.com/nikitabratischev/files/main/catalog-images/catalog-full/404310886912-01.webp;https://raw.githubusercontent.com/nikitabratischev/files/main/catalog-images/catalog-thumbs/404310886912-01.webp;19426;6410;658x877;360x480
404649923022;Floraiku Spring River;1;404649923022-01.webp;https://raw.githubusercontent.com/nikitabratischev/files/main/catalog-images/catalog-full/404649923022-01.webp;https://raw.githubusercontent.com/nikitabratischev/files/main/catalog-images/catalog-thumbs/404649923022-01.webp;23658;7316;658x877;360x480
405550040083;Mancera Amberful;1;405550040083-01.webp;https://raw.githubusercontent.com/nikitabratischev/files/main/catalog-images/catalog-full/405550040083-01.webp;https://raw.githubusercontent.com/nikitabratischev/files/main/catalog-images/catalog-thumbs/405550040083-01.webp;12692;4588;658x877;360x480
408004161452;"Van Cleef &amp; Arpels Neroli Amara";1;408004161452-01.webp;https://raw.githubusercontent.com/nikitabratischev/files/main/catalog-images/catalog-full/408004161452-01.webp;https://raw.githubusercontent.com/nikitabratischev/files/main/catalog-images/catalog-thumbs/408004161452-01.webp;12590;3946;658x877;360x480
408535492122;Marc-Antoine Barrois Tilia;1;408535492122-01.webp;https://raw.githubusercontent.com/nikitabratischev/files/main/catalog-images/catalog-full/408535492122-01.webp;https://raw.githubusercontent.com/nikitabratischev/files/main/catalog-images/catalog-thumbs/408535492122-01.webp;8272;2990;658x877;360x480
414350919741;Tom Ford Lost cherry;1;414350919741-01.webp;https://raw.githubusercontent.com/nikitabratischev/files/main/catalog-images/catalog-full/414350919741-01.webp;https://raw.githubusercontent.com/nikitabratischev/files/main/catalog-images/catalog-thumbs/414350919741-01.webp;13248;4940;672x896;360x480
414350919741;Tom Ford Lost cherry;2;414350919741-02.webp;https://raw.githubusercontent.com/nikitabratischev/files/main/catalog-images/catalog-full/414350919741-02.webp;https://raw.githubusercontent.com/nikitabratischev/files/main/catalog-images/catalog-thumbs/414350919741-02.webp;44704;19950;540x720;360x480
419186436962;HFC Devil's Intrigue old design;1;419186436962-01.webp;https://raw.githubusercontent.com/nikitabratischev/files/main/catalog-images/catalog-full/419186436962-01.webp;https://raw.githubusercontent.com/nikitabratischev/files/main/catalog-images/catalog-thumbs/419186436962-01.webp;19358;6300;600x800;360x480
421509285051;Trussardi Limitless Shopping Via della Spiga;1;421509285051-01.webp;https://raw.githubusercontent.com/nikitabratischev/files/main/catalog-images/catalog-full/421509285051-01.webp;https://raw.githubusercontent.com/nikitabratischev/files/main/catalog-images/catalog-thumbs/421509285051-01.webp;5400;2454;502x670;360x480
422862931302;Byredo Gypsy Water;1;422862931302-01.webp;https://raw.githubusercontent.com/nikitabratischev/files/main/catalog-images/catalog-full/422862931302-01.webp;https://raw.githubusercontent.com/nikitabratischev/files/main/catalog-images/catalog-thumbs/422862931302-01.webp;12670;5016;658x877;360x480
423793631402;Initio Narcotic Delight;1;423793631402-01.webp;https://raw.githubusercontent.com/nikitabratischev/files/main/catalog-images/catalog-full/423793631402-01.webp;https://raw.githubusercontent.com/nikitabratischev/files/main/catalog-images/catalog-thumbs/423793631402-01.webp;6804;2568;658x877;360x480
432097651862;Clive Christian E Cashmere Musk;1;432097651862-01.webp;https://raw.githubusercontent.com/nikitabratischev/files/main/catalog-images/catalog-full/432097651862-01.webp;https://raw.githubusercontent.com/nikitabratischev/files/main/catalog-images/catalog-thumbs/432097651862-01.webp;22496;7930;658x877;360x480
432127867732;Byredo Tobacco Mandarin;1;432127867732-01.webp;https://raw.githubusercontent.com/nikitabratischev/files/main/catalog-images/catalog-full/432127867732-01.webp;https://raw.githubusercontent.com/nikitabratischev/files/main/catalog-images/catalog-thumbs/432127867732-01.webp;19924;6294;658x877;360x480
433459923861;Весенний женственный сет 4 х 5 ml;1;433459923861-01.webp;https://raw.githubusercontent.com/nikitabratischev/files/main/catalog-images/catalog-full/433459923861-01.webp;https://raw.githubusercontent.com/nikitabratischev/files/main/catalog-images/catalog-thumbs/433459923861-01.webp;25492;5520;900x1200;360x480
433459923861;Весенний женственный сет 4 х 5 ml;2;433459923861-02.webp;https://raw.githubusercontent.com/nikitabratischev/files/main/catalog-images/catalog-full/433459923861-02.webp;https://raw.githubusercontent.com/nikitabratischev/files/main/catalog-images/catalog-thumbs/433459923861-02.webp;37416;4916;880x1200;352x480
435182503572;Vilhelm Parfumerie Moon Carnival;1;435182503572-01.webp;https://raw.githubusercontent.com/nikitabratischev/files/main/catalog-images/catalog-full/435182503572-01.webp;https://raw.githubusercontent.com/nikitabratischev/files/main/catalog-images/catalog-thumbs/435182503572-01.webp;25746;9700;658x877;360x480
436153728672;Memo African Leather;1;436153728672-01.webp;https://raw.githubusercontent.com/nikitabratischev/files/main/catalog-images/catalog-full/436153728672-01.webp;https://raw.githubusercontent.com/nikitabratischev/files/main/catalog-images/catalog-thumbs/436153728672-01.webp;26318;8076;658x877;360x480
439595476961;"Сет клонов ""11 друзей Delina"" 4 х 5 ml";1;439595476961-01.webp;https://raw.githubusercontent.com/nikitabratischev/files/main/catalog-images/catalog-full/439595476961-01.webp;https://raw.githubusercontent.com/nikitabratischev/files/main/catalog-images/catalog-thumbs/439595476961-01.webp;30638;6840;900x1200;360x480
439595476961;"Сет клонов ""11 друзей Delina"" 4 х 5 ml";2;439595476961-02.webp;https://raw.githubusercontent.com/nikitabratischev/files/main/catalog-images/catalog-full/439595476961-02.webp;https://raw.githubusercontent.com/nikitabratischev/files/main/catalog-images/catalog-thumbs/439595476961-02.webp;37416;4916;880x1200;352x480
440301155532;Maison Francis Kurkdjian Baccarat Rouge 540 Extrait de parfum;1;440301155532-01.webp;https://raw.githubusercontent.com/nikitabratischev/files/main/catalog-images/catalog-full/440301155532-01.webp;https://raw.githubusercontent.com/nikitabratischev/files/main/catalog-images/catalog-thumbs/440301155532-01.webp;17924;5844;658x877;360x480
442638207532;Xerjoff Amabile;1;442638207532-01.webp;https://raw.githubusercontent.com/nikitabratischev/files/main/catalog-images/catalog-full/442638207532-01.webp;https://raw.githubusercontent.com/nikitabratischev/files/main/catalog-images/catalog-thumbs/442638207532-01.webp;14420;3568;658x877;360x480
447081355681;Roja Dove Elixir Pour Femme Essence De Parfum;1;447081355681-01.webp;https://raw.githubusercontent.com/nikitabratischev/files/main/catalog-images/catalog-full/447081355681-01.webp;https://raw.githubusercontent.com/nikitabratischev/files/main/catalog-images/catalog-thumbs/447081355681-01.webp;12422;4092;815x1086;360x480
447694976282;Ex Nihilo Blue Talisman;1;447694976282-01.webp;https://raw.githubusercontent.com/nikitabratischev/files/main/catalog-images/catalog-full/447694976282-01.webp;https://raw.githubusercontent.com/nikitabratischev/files/main/catalog-images/catalog-thumbs/447694976282-01.webp;18298;6094;658x877;360x480
447708626312;Armani Prive Musc Shamal;1;447708626312-01.webp;https://raw.githubusercontent.com/nikitabratischev/files/main/catalog-images/catalog-full/447708626312-01.webp;https://raw.githubusercontent.com/nikitabratischev/files/main/catalog-images/catalog-thumbs/447708626312-01.webp;8876;3414;658x877;360x480
454519443162;Attar Collection The Queen of Sheba;1;454519443162-01.webp;https://raw.githubusercontent.com/nikitabratischev/files/main/catalog-images/catalog-full/454519443162-01.webp;https://raw.githubusercontent.com/nikitabratischev/files/main/catalog-images/catalog-thumbs/454519443162-01.webp;23274;8154;658x877;360x480
456505203141;Chanel Allure edt (туалетная вода);1;456505203141-01.webp;https://raw.githubusercontent.com/nikitabratischev/files/main/catalog-images/catalog-full/456505203141-01.webp;https://raw.githubusercontent.com/nikitabratischev/files/main/catalog-images/catalog-thumbs/456505203141-01.webp;10824;2872;899x1200;360x480
457871093181;Memo Lalibela;1;457871093181-01.webp;https://raw.githubusercontent.com/nikitabratischev/files/main/catalog-images/catalog-full/457871093181-01.webp;https://raw.githubusercontent.com/nikitabratischev/files/main/catalog-images/catalog-thumbs/457871093181-01.webp;10722;2852;658x877;360x480
461454314292;Xerjoff 1861 Naxos;1;461454314292-01.webp;https://raw.githubusercontent.com/nikitabratischev/files/main/catalog-images/catalog-full/461454314292-01.webp;https://raw.githubusercontent.com/nikitabratischev/files/main/catalog-images/catalog-thumbs/461454314292-01.webp;9000;3500;658x877;360x480
462947517192;Le Labo Another 13;1;462947517192-01.webp;https://raw.githubusercontent.com/nikitabratischev/files/main/catalog-images/catalog-full/462947517192-01.webp;https://raw.githubusercontent.com/nikitabratischev/files/main/catalog-images/catalog-thumbs/462947517192-01.webp;13456;4384;658x877;360x480
463712876562;Hermes Hermessence Ambre Narguile;1;463712876562-01.webp;https://raw.githubusercontent.com/nikitabratischev/files/main/catalog-images/catalog-full/463712876562-01.webp;https://raw.githubusercontent.com/nikitabratischev/files/main/catalog-images/catalog-thumbs/463712876562-01.webp;9926;3312;658x877;360x480
465467553931;Kilian Forbidden Games;1;465467553931-01.webp;https://raw.githubusercontent.com/nikitabratischev/files/main/catalog-images/catalog-full/465467553931-01.webp;https://raw.githubusercontent.com/nikitabratischev/files/main/catalog-images/catalog-thumbs/465467553931-01.webp;12764;3230;886x1182;360x480
468909058131;Byredo La tulipe;1;468909058131-01.webp;https://raw.githubusercontent.com/nikitabratischev/files/main/catalog-images/catalog-full/468909058131-01.webp;https://raw.githubusercontent.com/nikitabratischev/files/main/catalog-images/catalog-thumbs/468909058131-01.webp;12158;3594;877x1169;360x480
475858027493;Boadicea The Victorious Bodacious;1;475858027493-01.webp;https://raw.githubusercontent.com/nikitabratischev/files/main/catalog-images/catalog-full/475858027493-01.webp;https://raw.githubusercontent.com/nikitabratischev/files/main/catalog-images/catalog-thumbs/475858027493-01.webp;30546;11150;658x877;360x480
476529665342;Escentric Molecules Escentric 01;1;476529665342-01.webp;https://raw.githubusercontent.com/nikitabratischev/files/main/catalog-images/catalog-full/476529665342-01.webp;https://raw.githubusercontent.com/nikitabratischev/files/main/catalog-images/catalog-thumbs/476529665342-01.webp;34174;8904;658x877;360x480
477637651192;Escentric Molecules Escentric 02 old design;1;477637651192-01.webp;https://raw.githubusercontent.com/nikitabratischev/files/main/catalog-images/catalog-full/477637651192-01.webp;https://raw.githubusercontent.com/nikitabratischev/files/main/catalog-images/catalog-thumbs/477637651192-01.webp;14500;5484;658x877;360x480
479048316162;"Jo Malone Wood Sage &amp; Sea Salt";1;479048316162-01.webp;https://raw.githubusercontent.com/nikitabratischev/files/main/catalog-images/catalog-full/479048316162-01.webp;https://raw.githubusercontent.com/nikitabratischev/files/main/catalog-images/catalog-thumbs/479048316162-01.webp;9756;3536;658x877;360x480
481431009182;Eisenberg Ambre D`Orient Secret V For Woman;1;481431009182-01.webp;https://raw.githubusercontent.com/nikitabratischev/files/main/catalog-images/catalog-full/481431009182-01.webp;https://raw.githubusercontent.com/nikitabratischev/files/main/catalog-images/catalog-thumbs/481431009182-01.webp;20290;8232;658x877;360x480
481680659551;"Jo Malone Myrrh &amp; Tonka";1;481680659551-01.webp;https://raw.githubusercontent.com/nikitabratischev/files/main/catalog-images/catalog-full/481680659551-01.webp;https://raw.githubusercontent.com/nikitabratischev/files/main/catalog-images/catalog-thumbs/481680659551-01.webp;9142;3236;658x877;360x480
482397693472;Kilian Love, don`t be shy by Kilian;1;482397693472-01.webp;https://raw.githubusercontent.com/nikitabratischev/files/main/catalog-images/catalog-full/482397693472-01.webp;https://raw.githubusercontent.com/nikitabratischev/files/main/catalog-images/catalog-thumbs/482397693472-01.webp;11808;4052;658x877;360x480
482397693472;Kilian Love, don`t be shy by Kilian;2;482397693472-02.webp;https://raw.githubusercontent.com/nikitabratischev/files/main/catalog-images/catalog-full/482397693472-02.webp;https://raw.githubusercontent.com/nikitabratischev/files/main/catalog-images/catalog-thumbs/482397693472-02.webp;25520;5538;900x1200;360x480
482397693472;Kilian Love, don`t be shy by Kilian;3;482397693472-03.webp;https://raw.githubusercontent.com/nikitabratischev/files/main/catalog-images/catalog-full/482397693472-03.webp;https://raw.githubusercontent.com/nikitabratischev/files/main/catalog-images/catalog-thumbs/482397693472-03.webp;37416;4916;880x1200;352x480
482397693472;Kilian Love, don`t be shy by Kilian;4;482397693472-04.webp;https://raw.githubusercontent.com/nikitabratischev/files/main/catalog-images/catalog-full/482397693472-04.webp;https://raw.githubusercontent.com/nikitabratischev/files/main/catalog-images/catalog-thumbs/482397693472-04.webp;30168;6384;900x1200;360x480
485552048722;Parfums de Marly Herod;1;485552048722-01.webp;https://raw.githubusercontent.com/nikitabratischev/files/main/catalog-images/catalog-full/485552048722-01.webp;https://raw.githubusercontent.com/nikitabratischev/files/main/catalog-images/catalog-thumbs/485552048722-01.webp;11100;3954;658x877;360x480
486254027592;Ex Nihilo Atlas Fever;1;486254027592-01.webp;https://raw.githubusercontent.com/nikitabratischev/files/main/catalog-images/catalog-full/486254027592-01.webp;https://raw.githubusercontent.com/nikitabratischev/files/main/catalog-images/catalog-thumbs/486254027592-01.webp;13952;4580;658x877;360x480
488251390822;Stephane Humbert Lucas 777 Lady White Snake;1;488251390822-01.webp;https://raw.githubusercontent.com/nikitabratischev/files/main/catalog-images/catalog-full/488251390822-01.webp;https://raw.githubusercontent.com/nikitabratischev/files/main/catalog-images/catalog-thumbs/488251390822-01.webp;16776;6044;658x877;360x480
495651480822;Attar Collection Annabella;1;495651480822-01.webp;https://raw.githubusercontent.com/nikitabratischev/files/main/catalog-images/catalog-full/495651480822-01.webp;https://raw.githubusercontent.com/nikitabratischev/files/main/catalog-images/catalog-thumbs/495651480822-01.webp;26288;7368;658x877;360x480
498617569652;Orlov Paris Good Vibes;1;498617569652-01.webp;https://raw.githubusercontent.com/nikitabratischev/files/main/catalog-images/catalog-full/498617569652-01.webp;https://raw.githubusercontent.com/nikitabratischev/files/main/catalog-images/catalog-thumbs/498617569652-01.webp;9226;3418;658x877;360x480
500572590293;Chanel Chance Eau Tendre edt;1;500572590293-01.webp;https://raw.githubusercontent.com/nikitabratischev/files/main/catalog-images/catalog-full/500572590293-01.webp;https://raw.githubusercontent.com/nikitabratischev/files/main/catalog-images/catalog-thumbs/500572590293-01.webp;13276;4944;658x877;360x480
501256711362;La Sultane de Saba Taj Palace;1;501256711362-01.webp;https://raw.githubusercontent.com/nikitabratischev/files/main/catalog-images/catalog-full/501256711362-01.webp;https://raw.githubusercontent.com/nikitabratischev/files/main/catalog-images/catalog-thumbs/501256711362-01.webp;16996;4616;658x877;360x480
501271614893;Spirit Of Kings Altair;1;501271614893-01.webp;https://raw.githubusercontent.com/nikitabratischev/files/main/catalog-images/catalog-full/501271614893-01.webp;https://raw.githubusercontent.com/nikitabratischev/files/main/catalog-images/catalog-thumbs/501271614893-01.webp;15718;4864;658x877;360x480
501681878992;Dries Van Noten Soie Malaquais;1;501681878992-01.webp;https://raw.githubusercontent.com/nikitabratischev/files/main/catalog-images/catalog-full/501681878992-01.webp;https://raw.githubusercontent.com/nikitabratischev/files/main/catalog-images/catalog-thumbs/501681878992-01.webp;12398;5086;658x877;360x480
504830661001;Kilian Good Girl Gone Bad Extreme;1;504830661001-01.webp;https://raw.githubusercontent.com/nikitabratischev/files/main/catalog-images/catalog-full/504830661001-01.webp;https://raw.githubusercontent.com/nikitabratischev/files/main/catalog-images/catalog-thumbs/504830661001-01.webp;13956;4734;658x877;360x480
508224607982;Ivolora Time to Podium;1;508224607982-01.webp;https://raw.githubusercontent.com/nikitabratischev/files/main/catalog-images/catalog-full/508224607982-01.webp;https://raw.githubusercontent.com/nikitabratischev/files/main/catalog-images/catalog-thumbs/508224607982-01.webp;16390;5552;658x877;360x480
512018932452;Initio Oud For Happiness;1;512018932452-01.webp;https://raw.githubusercontent.com/nikitabratischev/files/main/catalog-images/catalog-full/512018932452-01.webp;https://raw.githubusercontent.com/nikitabratischev/files/main/catalog-images/catalog-thumbs/512018932452-01.webp;22698;12740;450x600;360x480
513454963342;Montale Soleil De Capri;1;513454963342-01.webp;https://raw.githubusercontent.com/nikitabratischev/files/main/catalog-images/catalog-full/513454963342-01.webp;https://raw.githubusercontent.com/nikitabratischev/files/main/catalog-images/catalog-thumbs/513454963342-01.webp;9570;3712;658x877;360x480
514311163362;Gerini Seductive Cinnamon;1;514311163362-01.webp;https://raw.githubusercontent.com/nikitabratischev/files/main/catalog-images/catalog-full/514311163362-01.webp;https://raw.githubusercontent.com/nikitabratischev/files/main/catalog-images/catalog-thumbs/514311163362-01.webp;11876;3960;658x877;360x480
516307799901;Amouage Dia Woman;1;516307799901-01.webp;https://raw.githubusercontent.com/nikitabratischev/files/main/catalog-images/catalog-full/516307799901-01.webp;https://raw.githubusercontent.com/nikitabratischev/files/main/catalog-images/catalog-thumbs/516307799901-01.webp;16852;7224;602x800;361x480
517977582861;"Zielinski &amp; Rozen Apple &amp; Lotus";1;517977582861-01.webp;https://raw.githubusercontent.com/nikitabratischev/files/main/catalog-images/catalog-full/517977582861-01.webp;https://raw.githubusercontent.com/nikitabratischev/files/main/catalog-images/catalog-thumbs/517977582861-01.webp;18544;5456;798x1054;363x480
518659842152;Tom Ford Soleil Blanc;1;518659842152-01.webp;https://raw.githubusercontent.com/nikitabratischev/files/main/catalog-images/catalog-full/518659842152-01.webp;https://raw.githubusercontent.com/nikitabratischev/files/main/catalog-images/catalog-thumbs/518659842152-01.webp;6630;2600;658x877;360x480
519589683492;Montale Sensual InstInct;1;519589683492-01.webp;https://raw.githubusercontent.com/nikitabratischev/files/main/catalog-images/catalog-full/519589683492-01.webp;https://raw.githubusercontent.com/nikitabratischev/files/main/catalog-images/catalog-thumbs/519589683492-01.webp;12746;4992;658x877;360x480
524203844641;Franck Boclet Tobacco;1;524203844641-01.webp;https://raw.githubusercontent.com/nikitabratischev/files/main/catalog-images/catalog-full/524203844641-01.webp;https://raw.githubusercontent.com/nikitabratischev/files/main/catalog-images/catalog-thumbs/524203844641-01.webp;7528;5476;374x500;359x480
524444331891;Montale Crystal Flowers;1;524444331891-01.webp;https://raw.githubusercontent.com/nikitabratischev/files/main/catalog-images/catalog-full/524444331891-01.webp;https://raw.githubusercontent.com/nikitabratischev/files/main/catalog-images/catalog-thumbs/524444331891-01.webp;17414;4414;899x1200;360x480
525455758151;Clive Christian X For Women;1;525455758151-01.webp;https://raw.githubusercontent.com/nikitabratischev/files/main/catalog-images/catalog-full/525455758151-01.webp;https://raw.githubusercontent.com/nikitabratischev/files/main/catalog-images/catalog-thumbs/525455758151-01.webp;21746;5024;900x1200;360x480
526224090661;Yves Saint Laurent Opium;1;526224090661-01.webp;https://raw.githubusercontent.com/nikitabratischev/files/main/catalog-images/catalog-full/526224090661-01.webp;https://raw.githubusercontent.com/nikitabratischev/files/main/catalog-images/catalog-thumbs/526224090661-01.webp;9886;5214;493x658;360x480
526382297431;Guerlain Insolence;1;526382297431-01.webp;https://raw.githubusercontent.com/nikitabratischev/files/main/catalog-images/catalog-full/526382297431-01.webp;https://raw.githubusercontent.com/nikitabratischev/files/main/catalog-images/catalog-thumbs/526382297431-01.webp;39114;8364;900x1200;360x480
526440379182;Carolina Herrera Very Good Girl;1;526440379182-01.webp;https://raw.githubusercontent.com/nikitabratischev/files/main/catalog-images/catalog-full/526440379182-01.webp;https://raw.githubusercontent.com/nikitabratischev/files/main/catalog-images/catalog-thumbs/526440379182-01.webp;11654;4518;658x877;360x480
528982574851;Byredo Black Saffron;1;528982574851-01.webp;https://raw.githubusercontent.com/nikitabratischev/files/main/catalog-images/catalog-full/528982574851-01.webp;https://raw.githubusercontent.com/nikitabratischev/files/main/catalog-images/catalog-thumbs/528982574851-01.webp;13714;4554;749x999;360x480
537510470582;Louis Vuitton California Dream;1;537510470582-01.webp;https://raw.githubusercontent.com/nikitabratischev/files/main/catalog-images/catalog-full/537510470582-01.webp;https://raw.githubusercontent.com/nikitabratischev/files/main/catalog-images/catalog-thumbs/537510470582-01.webp;12740;4586;658x877;360x480
538068417172;Serge Lutens Chergui;1;538068417172-01.webp;https://raw.githubusercontent.com/nikitabratischev/files/main/catalog-images/catalog-full/538068417172-01.webp;https://raw.githubusercontent.com/nikitabratischev/files/main/catalog-images/catalog-thumbs/538068417172-01.webp;14048;3666;658x877;360x480
539262573722;Zara Stellar Amber;1;539262573722-01.webp;https://raw.githubusercontent.com/nikitabratischev/files/main/catalog-images/catalog-full/539262573722-01.webp;https://raw.githubusercontent.com/nikitabratischev/files/main/catalog-images/catalog-thumbs/539262573722-01.webp;6726;2610;658x877;360x480
539312138682;Clive Christian XXI art Deco Blonde amber;1;539312138682-01.webp;https://raw.githubusercontent.com/nikitabratischev/files/main/catalog-images/catalog-full/539312138682-01.webp;https://raw.githubusercontent.com/nikitabratischev/files/main/catalog-images/catalog-thumbs/539312138682-01.webp;9222;3824;658x877;360x480
540623733452;Arabesque Majesty;1;540623733452-01.webp;https://raw.githubusercontent.com/nikitabratischev/files/main/catalog-images/catalog-full/540623733452-01.webp;https://raw.githubusercontent.com/nikitabratischev/files/main/catalog-images/catalog-thumbs/540623733452-01.webp;15608;5982;658x877;360x480
545450709722;Byredo Blanche;1;545450709722-01.webp;https://raw.githubusercontent.com/nikitabratischev/files/main/catalog-images/catalog-full/545450709722-01.webp;https://raw.githubusercontent.com/nikitabratischev/files/main/catalog-images/catalog-thumbs/545450709722-01.webp;12208;4586;658x877;360x480
548300609172;French Avenue Amber Empire;1;548300609172-01.webp;https://raw.githubusercontent.com/nikitabratischev/files/main/catalog-images/catalog-full/548300609172-01.webp;https://raw.githubusercontent.com/nikitabratischev/files/main/catalog-images/catalog-thumbs/548300609172-01.webp;10878;3570;658x877;360x480
548995083292;Xerjoff Cruz Del Sur II;1;548995083292-01.webp;https://raw.githubusercontent.com/nikitabratischev/files/main/catalog-images/catalog-full/548995083292-01.webp;https://raw.githubusercontent.com/nikitabratischev/files/main/catalog-images/catalog-thumbs/548995083292-01.webp;11486;4190;658x877;360x480
549235246562;"Van Cleef &amp; Arpels Rose Rouge";1;549235246562-01.webp;https://raw.githubusercontent.com/nikitabratischev/files/main/catalog-images/catalog-full/549235246562-01.webp;https://raw.githubusercontent.com/nikitabratischev/files/main/catalog-images/catalog-thumbs/549235246562-01.webp;13486;4502;658x877;360x480
549731685112;Byredo Palermo;1;549731685112-01.webp;https://raw.githubusercontent.com/nikitabratischev/files/main/catalog-images/catalog-full/549731685112-01.webp;https://raw.githubusercontent.com/nikitabratischev/files/main/catalog-images/catalog-thumbs/549731685112-01.webp;12182;4392;658x877;360x480
553164276133;"Zielinski &amp; Rozen Peach, Passion fruit, Musk";1;553164276133-01.webp;https://raw.githubusercontent.com/nikitabratischev/files/main/catalog-images/catalog-full/553164276133-01.webp;https://raw.githubusercontent.com/nikitabratischev/files/main/catalog-images/catalog-thumbs/553164276133-01.webp;17320;6202;658x877;360x480
553973744202;Escentric Molecules Molecule 02;1;553973744202-01.webp;https://raw.githubusercontent.com/nikitabratischev/files/main/catalog-images/catalog-full/553973744202-01.webp;https://raw.githubusercontent.com/nikitabratischev/files/main/catalog-images/catalog-thumbs/553973744202-01.webp;13488;5062;658x877;360x480
555791868012;Trussardi Behind The Curtain Piazza Alla Scala;1;555791868012-01.webp;https://raw.githubusercontent.com/nikitabratischev/files/main/catalog-images/catalog-full/555791868012-01.webp;https://raw.githubusercontent.com/nikitabratischev/files/main/catalog-images/catalog-thumbs/555791868012-01.webp;7440;2600;658x877;360x480
556648453622;Hermes Barenia;1;556648453622-01.webp;https://raw.githubusercontent.com/nikitabratischev/files/main/catalog-images/catalog-full/556648453622-01.webp;https://raw.githubusercontent.com/nikitabratischev/files/main/catalog-images/catalog-thumbs/556648453622-01.webp;15018;5772;658x877;360x480
556813742432;Louis Vuitton LV x TM Spell On You V.2;1;556813742432-01.webp;https://raw.githubusercontent.com/nikitabratischev/files/main/catalog-images/catalog-full/556813742432-01.webp;https://raw.githubusercontent.com/nikitabratischev/files/main/catalog-images/catalog-thumbs/556813742432-01.webp;14808;6070;658x877;360x480
557420274722;Xerjoff Sospiro Laylati;1;557420274722-01.webp;https://raw.githubusercontent.com/nikitabratischev/files/main/catalog-images/catalog-full/557420274722-01.webp;https://raw.githubusercontent.com/nikitabratischev/files/main/catalog-images/catalog-thumbs/557420274722-01.webp;19246;4062;658x877;360x480
557501081682;EX Nihilo Explicite;1;557501081682-01.webp;https://raw.githubusercontent.com/nikitabratischev/files/main/catalog-images/catalog-full/557501081682-01.webp;https://raw.githubusercontent.com/nikitabratischev/files/main/catalog-images/catalog-thumbs/557501081682-01.webp;11730;3866;658x877;360x480
560691150841;Parfums de Marly Delina Exclusif;1;560691150841-01.webp;https://raw.githubusercontent.com/nikitabratischev/files/main/catalog-images/catalog-full/560691150841-01.webp;https://raw.githubusercontent.com/nikitabratischev/files/main/catalog-images/catalog-thumbs/560691150841-01.webp;8966;4506;486x648;360x480
560965339922;Memo Indian Leather;1;560965339922-01.webp;https://raw.githubusercontent.com/nikitabratischev/files/main/catalog-images/catalog-full/560965339922-01.webp;https://raw.githubusercontent.com/nikitabratischev/files/main/catalog-images/catalog-thumbs/560965339922-01.webp;22078;6892;658x877;360x480
563983288602;Clive Christian Matsukita;1;563983288602-01.webp;https://raw.githubusercontent.com/nikitabratischev/files/main/catalog-images/catalog-full/563983288602-01.webp;https://raw.githubusercontent.com/nikitabratischev/files/main/catalog-images/catalog-thumbs/563983288602-01.webp;16576;6000;658x877;360x480
564792371672;Byredo Rose Of No Man`s Land;1;564792371672-01.webp;https://raw.githubusercontent.com/nikitabratischev/files/main/catalog-images/catalog-full/564792371672-01.webp;https://raw.githubusercontent.com/nikitabratischev/files/main/catalog-images/catalog-thumbs/564792371672-01.webp;14226;5872;658x877;360x480
565365232162;Majda Bekkali Mon Nom Est Rouge;1;565365232162-01.webp;https://raw.githubusercontent.com/nikitabratischev/files/main/catalog-images/catalog-full/565365232162-01.webp;https://raw.githubusercontent.com/nikitabratischev/files/main/catalog-images/catalog-thumbs/565365232162-01.webp;16878;5458;658x877;360x480
566271690052;Armani Prive Magenta Tanzanite;1;566271690052-01.webp;https://raw.githubusercontent.com/nikitabratischev/files/main/catalog-images/catalog-full/566271690052-01.webp;https://raw.githubusercontent.com/nikitabratischev/files/main/catalog-images/catalog-thumbs/566271690052-01.webp;10504;4108;658x877;360x480
569498354661;M.Micallef Ananda Tchai;1;569498354661-01.webp;https://raw.githubusercontent.com/nikitabratischev/files/main/catalog-images/catalog-full/569498354661-01.webp;https://raw.githubusercontent.com/nikitabratischev/files/main/catalog-images/catalog-thumbs/569498354661-01.webp;16050;3720;741x988;360x480
570976042811;Memo Argentina;1;570976042811-01.webp;https://raw.githubusercontent.com/nikitabratischev/files/main/catalog-images/catalog-full/570976042811-01.webp;https://raw.githubusercontent.com/nikitabratischev/files/main/catalog-images/catalog-thumbs/570976042811-01.webp;21906;6992;658x877;360x480
571266993452;Chanel № (No) 5;1;571266993452-01.webp;https://raw.githubusercontent.com/nikitabratischev/files/main/catalog-images/catalog-full/571266993452-01.webp;https://raw.githubusercontent.com/nikitabratischev/files/main/catalog-images/catalog-thumbs/571266993452-01.webp;12906;4680;658x877;360x480
571385395711;"Zielinski &amp; Rozen Black Pepper &amp; Amber, Neroli";1;571385395711-01.webp;https://raw.githubusercontent.com/nikitabratischev/files/main/catalog-images/catalog-full/571385395711-01.webp;https://raw.githubusercontent.com/nikitabratischev/files/main/catalog-images/catalog-thumbs/571385395711-01.webp;18544;5456;798x1054;363x480
574191794602;Max Philip Mauve;1;574191794602-01.webp;https://raw.githubusercontent.com/nikitabratischev/files/main/catalog-images/catalog-full/574191794602-01.webp;https://raw.githubusercontent.com/nikitabratischev/files/main/catalog-images/catalog-thumbs/574191794602-01.webp;7886;3386;658x877;360x480
580209363551;"Хит-Сет ""Сочный"" 4 х 5 ml";1;580209363551-01.webp;https://raw.githubusercontent.com/nikitabratischev/files/main/catalog-images/catalog-full/580209363551-01.webp;https://raw.githubusercontent.com/nikitabratischev/files/main/catalog-images/catalog-thumbs/580209363551-01.webp;50758;9856;900x1200;360x480
580209363551;"Хит-Сет ""Сочный"" 4 х 5 ml";2;580209363551-02.webp;https://raw.githubusercontent.com/nikitabratischev/files/main/catalog-images/catalog-full/580209363551-02.webp;https://raw.githubusercontent.com/nikitabratischev/files/main/catalog-images/catalog-thumbs/580209363551-02.webp;37416;4916;880x1200;352x480
581161640002;Trussardi District Of Nolo;1;581161640002-01.webp;https://raw.githubusercontent.com/nikitabratischev/files/main/catalog-images/catalog-full/581161640002-01.webp;https://raw.githubusercontent.com/nikitabratischev/files/main/catalog-images/catalog-thumbs/581161640002-01.webp;6008;2354;658x877;360x480
581590114262;Maison Francis Kurkdjian Aqua Universalis Forte;1;581590114262-01.webp;https://raw.githubusercontent.com/nikitabratischev/files/main/catalog-images/catalog-full/581590114262-01.webp;https://raw.githubusercontent.com/nikitabratischev/files/main/catalog-images/catalog-thumbs/581590114262-01.webp;12078;3666;658x877;360x480
584883501391;Carner Barcelona Rima XI;1;584883501391-01.webp;https://raw.githubusercontent.com/nikitabratischev/files/main/catalog-images/catalog-full/584883501391-01.webp;https://raw.githubusercontent.com/nikitabratischev/files/main/catalog-images/catalog-thumbs/584883501391-01.webp;11988;4642;600x801;360x480
585625593931;Memo Shams Narcissus;1;585625593931-01.webp;https://raw.githubusercontent.com/nikitabratischev/files/main/catalog-images/catalog-full/585625593931-01.webp;https://raw.githubusercontent.com/nikitabratischev/files/main/catalog-images/catalog-thumbs/585625593931-01.webp;12372;3026;743x991;360x480
590552566662;A lab on fire What We Do Is Secret Messy Sexy Just Rolled Out Of Bed;1;590552566662-01.webp;https://raw.githubusercontent.com/nikitabratischev/files/main/catalog-images/catalog-full/590552566662-01.webp;https://raw.githubusercontent.com/nikitabratischev/files/main/catalog-images/catalog-thumbs/590552566662-01.webp;4268;1628;658x877;360x480
592166485741;Serge Lutens Bapteme du Feu;1;592166485741-01.webp;https://raw.githubusercontent.com/nikitabratischev/files/main/catalog-images/catalog-full/592166485741-01.webp;https://raw.githubusercontent.com/nikitabratischev/files/main/catalog-images/catalog-thumbs/592166485741-01.webp;7826;3164;533x712;359x480
604360273011;Clive Christian Clive Christian № 1 Feminine;1;604360273011-01.webp;https://raw.githubusercontent.com/nikitabratischev/files/main/catalog-images/catalog-full/604360273011-01.webp;https://raw.githubusercontent.com/nikitabratischev/files/main/catalog-images/catalog-thumbs/604360273011-01.webp;13788;4318;660x960;330x480
606187643891;"Сет ""Роковая женщина"" 4 х 5 ml";1;606187643891-01.webp;https://raw.githubusercontent.com/nikitabratischev/files/main/catalog-images/catalog-full/606187643891-01.webp;https://raw.githubusercontent.com/nikitabratischev/files/main/catalog-images/catalog-thumbs/606187643891-01.webp;27246;6508;900x1200;360x480
606187643891;"Сет ""Роковая женщина"" 4 х 5 ml";2;606187643891-02.webp;https://raw.githubusercontent.com/nikitabratischev/files/main/catalog-images/catalog-full/606187643891-02.webp;https://raw.githubusercontent.com/nikitabratischev/files/main/catalog-images/catalog-thumbs/606187643891-02.webp;37416;4916;880x1200;352x480
607240683791;"Zielinski &amp; Rozen Pink Pepper, Elemi, Cinnamon, Leather";1;607240683791-01.webp;https://raw.githubusercontent.com/nikitabratischev/files/main/catalog-images/catalog-full/607240683791-01.webp;https://raw.githubusercontent.com/nikitabratischev/files/main/catalog-images/catalog-thumbs/607240683791-01.webp;18544;5456;798x1054;363x480
608115199031;Montale White Musk;1;608115199031-01.webp;https://raw.githubusercontent.com/nikitabratischev/files/main/catalog-images/catalog-full/608115199031-01.webp;https://raw.githubusercontent.com/nikitabratischev/files/main/catalog-images/catalog-thumbs/608115199031-01.webp;8838;3768;600x800;360x480
609825177911;Весенний брутальный сет 4 х 5 ml;1;609825177911-01.webp;https://raw.githubusercontent.com/nikitabratischev/files/main/catalog-images/catalog-full/609825177911-01.webp;https://raw.githubusercontent.com/nikitabratischev/files/main/catalog-images/catalog-thumbs/609825177911-01.webp;28876;6792;900x1200;360x480
609825177911;Весенний брутальный сет 4 х 5 ml;2;609825177911-02.webp;https://raw.githubusercontent.com/nikitabratischev/files/main/catalog-images/catalog-full/609825177911-02.webp;https://raw.githubusercontent.com/nikitabratischev/files/main/catalog-images/catalog-thumbs/609825177911-02.webp;37416;4916;880x1200;352x480
610095527641;Clive Christian 1872 For Women;1;610095527641-01.webp;https://raw.githubusercontent.com/nikitabratischev/files/main/catalog-images/catalog-full/610095527641-01.webp;https://raw.githubusercontent.com/nikitabratischev/files/main/catalog-images/catalog-thumbs/610095527641-01.webp;19964;5410;900x1200;360x480
611056547651;Parfums de Marly Delina;1;611056547651-01.webp;https://raw.githubusercontent.com/nikitabratischev/files/main/catalog-images/catalog-full/611056547651-01.webp;https://raw.githubusercontent.com/nikitabratischev/files/main/catalog-images/catalog-thumbs/611056547651-01.webp;8928;4424;486x648;360x480
614143450452;Kilian Black Phantom;1;614143450452-01.webp;https://raw.githubusercontent.com/nikitabratischev/files/main/catalog-images/catalog-full/614143450452-01.webp;https://raw.githubusercontent.com/nikitabratischev/files/main/catalog-images/catalog-thumbs/614143450452-01.webp;12838;4414;658x877;360x480
617005749983;M.A.C. Velvet Teddy;1;617005749983-01.webp;https://raw.githubusercontent.com/nikitabratischev/files/main/catalog-images/catalog-full/617005749983-01.webp;https://raw.githubusercontent.com/nikitabratischev/files/main/catalog-images/catalog-thumbs/617005749983-01.webp;5818;2198;658x877;360x480
618520186931;Chopard Miel d`Arabie;1;618520186931-01.webp;https://raw.githubusercontent.com/nikitabratischev/files/main/catalog-images/catalog-full/618520186931-01.webp;https://raw.githubusercontent.com/nikitabratischev/files/main/catalog-images/catalog-thumbs/618520186931-01.webp;19110;5898;658x877;360x480
622624690342;Attar Collection Hayati;1;622624690342-01.webp;https://raw.githubusercontent.com/nikitabratischev/files/main/catalog-images/catalog-full/622624690342-01.webp;https://raw.githubusercontent.com/nikitabratischev/files/main/catalog-images/catalog-thumbs/622624690342-01.webp;20398;7002;658x877;360x480
623417741892;Attar Collection King Solomon;1;623417741892-01.webp;https://raw.githubusercontent.com/nikitabratischev/files/main/catalog-images/catalog-full/623417741892-01.webp;https://raw.githubusercontent.com/nikitabratischev/files/main/catalog-images/catalog-thumbs/623417741892-01.webp;16952;6274;658x877;360x480
623895390852;Amouage Existence;1;623895390852-01.webp;https://raw.githubusercontent.com/nikitabratischev/files/main/catalog-images/catalog-full/623895390852-01.webp;https://raw.githubusercontent.com/nikitabratischev/files/main/catalog-images/catalog-thumbs/623895390852-01.webp;8350;3466;658x877;360x480
625241595121;Yves Saint Laurent Libre intense;1;625241595121-01.webp;https://raw.githubusercontent.com/nikitabratischev/files/main/catalog-images/catalog-full/625241595121-01.webp;https://raw.githubusercontent.com/nikitabratischev/files/main/catalog-images/catalog-thumbs/625241595121-01.webp;19612;5292;697x929;360x480
627822465361;Max Philip Pineapple;1;627822465361-01.webp;https://raw.githubusercontent.com/nikitabratischev/files/main/catalog-images/catalog-full/627822465361-01.webp;https://raw.githubusercontent.com/nikitabratischev/files/main/catalog-images/catalog-thumbs/627822465361-01.webp;10722;4394;616x821;360x480
628928937542;Yves Saint Laurent Tuxedo;1;628928937542-01.webp;https://raw.githubusercontent.com/nikitabratischev/files/main/catalog-images/catalog-full/628928937542-01.webp;https://raw.githubusercontent.com/nikitabratischev/files/main/catalog-images/catalog-thumbs/628928937542-01.webp;11610;3200;658x877;360x480
629949411492;State of Mind Butterfly Mind;1;629949411492-01.webp;https://raw.githubusercontent.com/nikitabratischev/files/main/catalog-images/catalog-full/629949411492-01.webp;https://raw.githubusercontent.com/nikitabratischev/files/main/catalog-images/catalog-thumbs/629949411492-01.webp;19650;6338;658x877;360x480
630914226501;Nasomatto Black afgano;1;630914226501-01.webp;https://raw.githubusercontent.com/nikitabratischev/files/main/catalog-images/catalog-full/630914226501-01.webp;https://raw.githubusercontent.com/nikitabratischev/files/main/catalog-images/catalog-thumbs/630914226501-01.webp;12200;3580;716x954;360x480
631581686971;Serge Lutens Datura Noir;1;631581686971-01.webp;https://raw.githubusercontent.com/nikitabratischev/files/main/catalog-images/catalog-full/631581686971-01.webp;https://raw.githubusercontent.com/nikitabratischev/files/main/catalog-images/catalog-thumbs/631581686971-01.webp;8010;2778;658x877;360x480
632095834891;"Jo Malone Peony &amp; Blush Suede";1;632095834891-01.webp;https://raw.githubusercontent.com/nikitabratischev/files/main/catalog-images/catalog-full/632095834891-01.webp;https://raw.githubusercontent.com/nikitabratischev/files/main/catalog-images/catalog-thumbs/632095834891-01.webp;13524;3284;817x1089;360x480
632486456851;Caron Parfum Sacre;1;632486456851-01.webp;https://raw.githubusercontent.com/nikitabratischev/files/main/catalog-images/catalog-full/632486456851-01.webp;https://raw.githubusercontent.com/nikitabratischev/files/main/catalog-images/catalog-thumbs/632486456851-01.webp;22336;5526;900x1200;360x480
638331246141;Kilian Some Like It Hot;1;638331246141-01.webp;https://raw.githubusercontent.com/nikitabratischev/files/main/catalog-images/catalog-full/638331246141-01.webp;https://raw.githubusercontent.com/nikitabratischev/files/main/catalog-images/catalog-thumbs/638331246141-01.webp;28772;5514;900x1200;360x480
640283618831;Amouage Blossom love;1;640283618831-01.webp;https://raw.githubusercontent.com/nikitabratischev/files/main/catalog-images/catalog-full/640283618831-01.webp;https://raw.githubusercontent.com/nikitabratischev/files/main/catalog-images/catalog-thumbs/640283618831-01.webp;17566;4886;787x1049;360x480
641607604411;Yves Saint Laurent Libre;1;641607604411-01.webp;https://raw.githubusercontent.com/nikitabratischev/files/main/catalog-images/catalog-full/641607604411-01.webp;https://raw.githubusercontent.com/nikitabratischev/files/main/catalog-images/catalog-thumbs/641607604411-01.webp;5360;3800;388x517;360x480
643219260052;Chopard Vetiver D'Haiti Au The Vert;1;643219260052-01.webp;https://raw.githubusercontent.com/nikitabratischev/files/main/catalog-images/catalog-full/643219260052-01.webp;https://raw.githubusercontent.com/nikitabratischev/files/main/catalog-images/catalog-thumbs/643219260052-01.webp;13550;4654;658x877;360x480
643717025672;Attar Collection Capella;1;643717025672-01.webp;https://raw.githubusercontent.com/nikitabratischev/files/main/catalog-images/catalog-full/643717025672-01.webp;https://raw.githubusercontent.com/nikitabratischev/files/main/catalog-images/catalog-thumbs/643717025672-01.webp;12780;4674;658x877;360x480
643764816132;Atelier Cologne Cedre Atlas;1;643764816132-01.webp;https://raw.githubusercontent.com/nikitabratischev/files/main/catalog-images/catalog-full/643764816132-01.webp;https://raw.githubusercontent.com/nikitabratischev/files/main/catalog-images/catalog-thumbs/643764816132-01.webp;19704;5020;658x877;360x480
647654869292;Escentric Molecules Escentric 02 new design;1;647654869292-01.webp;https://raw.githubusercontent.com/nikitabratischev/files/main/catalog-images/catalog-full/647654869292-01.webp;https://raw.githubusercontent.com/nikitabratischev/files/main/catalog-images/catalog-thumbs/647654869292-01.webp;14008;4794;658x877;360x480
651743830711;Женственный Business casual Сет 4 х 5 ml;1;651743830711-01.webp;https://raw.githubusercontent.com/nikitabratischev/files/main/catalog-images/catalog-full/651743830711-01.webp;https://raw.githubusercontent.com/nikitabratischev/files/main/catalog-images/catalog-thumbs/651743830711-01.webp;24884;6452;900x1200;360x480
651743830711;Женственный Business casual Сет 4 х 5 ml;2;651743830711-02.webp;https://raw.githubusercontent.com/nikitabratischev/files/main/catalog-images/catalog-full/651743830711-02.webp;https://raw.githubusercontent.com/nikitabratischev/files/main/catalog-images/catalog-thumbs/651743830711-02.webp;37416;4916;880x1200;352x480
656356769342;Lancome Roses Berberanza;1;656356769342-01.webp;https://raw.githubusercontent.com/nikitabratischev/files/main/catalog-images/catalog-full/656356769342-01.webp;https://raw.githubusercontent.com/nikitabratischev/files/main/catalog-images/catalog-thumbs/656356769342-01.webp;17228;5250;658x877;360x480
657092229601;Montale Intense Cafe;1;657092229601-01.webp;https://raw.githubusercontent.com/nikitabratischev/files/main/catalog-images/catalog-full/657092229601-01.webp;https://raw.githubusercontent.com/nikitabratischev/files/main/catalog-images/catalog-thumbs/657092229601-01.webp;17744;4738;900x1200;360x480
658909622051;La Maison de la Vanille Nuit A Salzbourg Vanille Tabac;1;658909622051-01.webp;https://raw.githubusercontent.com/nikitabratischev/files/main/catalog-images/catalog-full/658909622051-01.webp;https://raw.githubusercontent.com/nikitabratischev/files/main/catalog-images/catalog-thumbs/658909622051-01.webp;4596;2638;449x598;360x480
665387107832;Tom Ford Lavender Extreme;1;665387107832-01.webp;https://raw.githubusercontent.com/nikitabratischev/files/main/catalog-images/catalog-full/665387107832-01.webp;https://raw.githubusercontent.com/nikitabratischev/files/main/catalog-images/catalog-thumbs/665387107832-01.webp;7622;2486;658x877;360x480
665823511922;Ex Nihilo Blue Talisman Extrait;1;665823511922-01.webp;https://raw.githubusercontent.com/nikitabratischev/files/main/catalog-images/catalog-full/665823511922-01.webp;https://raw.githubusercontent.com/nikitabratischev/files/main/catalog-images/catalog-thumbs/665823511922-01.webp;13470;4622;658x877;360x480
668597813202;Montale Infinity;1;668597813202-01.webp;https://raw.githubusercontent.com/nikitabratischev/files/main/catalog-images/catalog-full/668597813202-01.webp;https://raw.githubusercontent.com/nikitabratischev/files/main/catalog-images/catalog-thumbs/668597813202-01.webp;24174;8670;658x877;360x480
668870744862;Kilian Old Fashioned;1;668870744862-01.webp;https://raw.githubusercontent.com/nikitabratischev/files/main/catalog-images/catalog-full/668870744862-01.webp;https://raw.githubusercontent.com/nikitabratischev/files/main/catalog-images/catalog-thumbs/668870744862-01.webp;33648;11048;658x877;360x480
671270533692;Les Contes Elfe d'or;1;671270533692-01.webp;https://raw.githubusercontent.com/nikitabratischev/files/main/catalog-images/catalog-full/671270533692-01.webp;https://raw.githubusercontent.com/nikitabratischev/files/main/catalog-images/catalog-thumbs/671270533692-01.webp;8714;2870;658x877;360x480
672124084253;Floraiku Sand and Skin;1;672124084253-01.webp;https://raw.githubusercontent.com/nikitabratischev/files/main/catalog-images/catalog-full/672124084253-01.webp;https://raw.githubusercontent.com/nikitabratischev/files/main/catalog-images/catalog-thumbs/672124084253-01.webp;20778;5888;658x877;360x480
673363470862;Keiko Mecheri Datura Blanche;1;673363470862-01.webp;https://raw.githubusercontent.com/nikitabratischev/files/main/catalog-images/catalog-full/673363470862-01.webp;https://raw.githubusercontent.com/nikitabratischev/files/main/catalog-images/catalog-thumbs/673363470862-01.webp;12746;3136;900x1200;360x480
677322677342;Jo Malone Scarlet Poppy (intense);1;677322677342-01.webp;https://raw.githubusercontent.com/nikitabratischev/files/main/catalog-images/catalog-full/677322677342-01.webp;https://raw.githubusercontent.com/nikitabratischev/files/main/catalog-images/catalog-thumbs/677322677342-01.webp;10358;3954;658x877;360x480
681719073221;Memo Tamarindo;1;681719073221-01.webp;https://raw.githubusercontent.com/nikitabratischev/files/main/catalog-images/catalog-full/681719073221-01.webp;https://raw.githubusercontent.com/nikitabratischev/files/main/catalog-images/catalog-thumbs/681719073221-01.webp;26744;4704;900x1200;360x480
682170834772;Kilian I Don't Need A Prince By My Side To Be A Princess eau fraiche;1;682170834772-01.webp;https://raw.githubusercontent.com/nikitabratischev/files/main/catalog-images/catalog-full/682170834772-01.webp;https://raw.githubusercontent.com/nikitabratischev/files/main/catalog-images/catalog-thumbs/682170834772-01.webp;11398;4436;658x877;360x480
683945292182;Guerlain Neroli Outrenoir;1;683945292182-01.webp;https://raw.githubusercontent.com/nikitabratischev/files/main/catalog-images/catalog-full/683945292182-01.webp;https://raw.githubusercontent.com/nikitabratischev/files/main/catalog-images/catalog-thumbs/683945292182-01.webp;21432;7058;658x877;360x480
687285483492;Roja Dove Isola Blu;1;687285483492-01.webp;https://raw.githubusercontent.com/nikitabratischev/files/main/catalog-images/catalog-full/687285483492-01.webp;https://raw.githubusercontent.com/nikitabratischev/files/main/catalog-images/catalog-thumbs/687285483492-01.webp;29498;8972;658x877;360x480
690515531801;Montale Wild Pears;1;690515531801-01.webp;https://raw.githubusercontent.com/nikitabratischev/files/main/catalog-images/catalog-full/690515531801-01.webp;https://raw.githubusercontent.com/nikitabratischev/files/main/catalog-images/catalog-thumbs/690515531801-01.webp;14178;4024;900x1200;360x480
692896961351;Narciso Rodriguez Musc Noir For Her;1;692896961351-01.webp;https://raw.githubusercontent.com/nikitabratischev/files/main/catalog-images/catalog-full/692896961351-01.webp;https://raw.githubusercontent.com/nikitabratischev/files/main/catalog-images/catalog-thumbs/692896961351-01.webp;6976;2554;658x877;360x480
692969676172;Essential Parfums Bois Imperial limited edition collector;1;692969676172-01.webp;https://raw.githubusercontent.com/nikitabratischev/files/main/catalog-images/catalog-full/692969676172-01.webp;https://raw.githubusercontent.com/nikitabratischev/files/main/catalog-images/catalog-thumbs/692969676172-01.webp;11458;3974;658x877;360x480
692969676172;Essential Parfums Bois Imperial limited edition collector;2;692969676172-02.webp;https://raw.githubusercontent.com/nikitabratischev/files/main/catalog-images/catalog-full/692969676172-02.webp;https://raw.githubusercontent.com/nikitabratischev/files/main/catalog-images/catalog-thumbs/692969676172-02.webp;28012;12836;540x720;360x480
694464380892;Floraiku Levitating;1;694464380892-01.webp;https://raw.githubusercontent.com/nikitabratischev/files/main/catalog-images/catalog-full/694464380892-01.webp;https://raw.githubusercontent.com/nikitabratischev/files/main/catalog-images/catalog-thumbs/694464380892-01.webp;10814;5804;450x600;360x480
696306651831;Kilian i Don't Need A Prince By My Side To Be A Princess;1;696306651831-01.webp;https://raw.githubusercontent.com/nikitabratischev/files/main/catalog-images/catalog-full/696306651831-01.webp;https://raw.githubusercontent.com/nikitabratischev/files/main/catalog-images/catalog-thumbs/696306651831-01.webp;10294;4022;658x877;360x480
699409474852;Clive Christian Noble VIII Rococo Magnolia;1;699409474852-01.webp;https://raw.githubusercontent.com/nikitabratischev/files/main/catalog-images/catalog-full/699409474852-01.webp;https://raw.githubusercontent.com/nikitabratischev/files/main/catalog-images/catalog-thumbs/699409474852-01.webp;9540;3628;658x877;360x480
701751916371;Montale Roses Musk;1;701751916371-01.webp;https://raw.githubusercontent.com/nikitabratischev/files/main/catalog-images/catalog-full/701751916371-01.webp;https://raw.githubusercontent.com/nikitabratischev/files/main/catalog-images/catalog-thumbs/701751916371-01.webp;10040;4432;600x800;360x480
702747878912;"Van Cleef &amp; Arpels Moonlight Patchouli";1;702747878912-01.webp;https://raw.githubusercontent.com/nikitabratischev/files/main/catalog-images/catalog-full/702747878912-01.webp;https://raw.githubusercontent.com/nikitabratischev/files/main/catalog-images/catalog-thumbs/702747878912-01.webp;8892;2812;658x877;360x480
707007146662;DiVina Terra Ti Sento;1;707007146662-01.webp;https://raw.githubusercontent.com/nikitabratischev/files/main/catalog-images/catalog-full/707007146662-01.webp;https://raw.githubusercontent.com/nikitabratischev/files/main/catalog-images/catalog-thumbs/707007146662-01.webp;13004;5114;658x877;360x480
710729825021;Nobile 1942 La Danza delle Libellule;1;710729825021-01.webp;https://raw.githubusercontent.com/nikitabratischev/files/main/catalog-images/catalog-full/710729825021-01.webp;https://raw.githubusercontent.com/nikitabratischev/files/main/catalog-images/catalog-thumbs/710729825021-01.webp;18850;5260;658x877;360x480
711263867562;ByBozo Habibi;1;711263867562-01.webp;https://raw.githubusercontent.com/nikitabratischev/files/main/catalog-images/catalog-full/711263867562-01.webp;https://raw.githubusercontent.com/nikitabratischev/files/main/catalog-images/catalog-thumbs/711263867562-01.webp;8368;3196;658x877;360x480
712871246952;Thierry Mugler Angel Nova;1;712871246952-01.webp;https://raw.githubusercontent.com/nikitabratischev/files/main/catalog-images/catalog-full/712871246952-01.webp;https://raw.githubusercontent.com/nikitabratischev/files/main/catalog-images/catalog-thumbs/712871246952-01.webp;17640;6468;658x877;360x480
713423885931;Parfums de Marly Meliora;1;713423885931-01.webp;https://raw.githubusercontent.com/nikitabratischev/files/main/catalog-images/catalog-full/713423885931-01.webp;https://raw.githubusercontent.com/nikitabratischev/files/main/catalog-images/catalog-thumbs/713423885931-01.webp;9688;4518;515x687;360x480
714975988051;Lancome Magnolia Rosae;1;714975988051-01.webp;https://raw.githubusercontent.com/nikitabratischev/files/main/catalog-images/catalog-full/714975988051-01.webp;https://raw.githubusercontent.com/nikitabratischev/files/main/catalog-images/catalog-thumbs/714975988051-01.webp;16166;7446;486x648;360x480
715520474411;Lancome Jasmins Marzipane;1;715520474411-01.webp;https://raw.githubusercontent.com/nikitabratischev/files/main/catalog-images/catalog-full/715520474411-01.webp;https://raw.githubusercontent.com/nikitabratischev/files/main/catalog-images/catalog-thumbs/715520474411-01.webp;39780;6756;900x1200;360x480
720851202091;Tom Ford Fleur de Portofino Acqua;1;720851202091-01.webp;https://raw.githubusercontent.com/nikitabratischev/files/main/catalog-images/catalog-full/720851202091-01.webp;https://raw.githubusercontent.com/nikitabratischev/files/main/catalog-images/catalog-thumbs/720851202091-01.webp;9952;3740;658x877;360x480
721107809712;Attar Collection Crystal Love For Her;1;721107809712-01.webp;https://raw.githubusercontent.com/nikitabratischev/files/main/catalog-images/catalog-full/721107809712-01.webp;https://raw.githubusercontent.com/nikitabratischev/files/main/catalog-images/catalog-thumbs/721107809712-01.webp;16050;5984;658x877;360x480
723524364671;Ex Nihilo Fleur Narcotique;1;723524364671-01.webp;https://raw.githubusercontent.com/nikitabratischev/files/main/catalog-images/catalog-full/723524364671-01.webp;https://raw.githubusercontent.com/nikitabratischev/files/main/catalog-images/catalog-thumbs/723524364671-01.webp;9252;3412;599x799;360x480
725336546761;"Брутальный сет ""Свежий"" 4 х 5 ml";1;725336546761-01.webp;https://raw.githubusercontent.com/nikitabratischev/files/main/catalog-images/catalog-full/725336546761-01.webp;https://raw.githubusercontent.com/nikitabratischev/files/main/catalog-images/catalog-thumbs/725336546761-01.webp;25178;5804;900x1200;360x480
725336546761;"Брутальный сет ""Свежий"" 4 х 5 ml";2;725336546761-02.webp;https://raw.githubusercontent.com/nikitabratischev/files/main/catalog-images/catalog-full/725336546761-02.webp;https://raw.githubusercontent.com/nikitabratischev/files/main/catalog-images/catalog-thumbs/725336546761-02.webp;37416;4916;880x1200;352x480
725883972892;Tiziana Terenzi Cassiopea;1;725883972892-01.webp;https://raw.githubusercontent.com/nikitabratischev/files/main/catalog-images/catalog-full/725883972892-01.webp;https://raw.githubusercontent.com/nikitabratischev/files/main/catalog-images/catalog-thumbs/725883972892-01.webp;12420;4136;658x877;360x480
726130779112;DiVina Terra Fortuna;1;726130779112-01.webp;https://raw.githubusercontent.com/nikitabratischev/files/main/catalog-images/catalog-full/726130779112-01.webp;https://raw.githubusercontent.com/nikitabratischev/files/main/catalog-images/catalog-thumbs/726130779112-01.webp;16408;5678;658x877;360x480
726867918082;Stephane Humbert Lucas 777 God Of Fire;1;726867918082-01.webp;https://raw.githubusercontent.com/nikitabratischev/files/main/catalog-images/catalog-full/726867918082-01.webp;https://raw.githubusercontent.com/nikitabratischev/files/main/catalog-images/catalog-thumbs/726867918082-01.webp;23786;8424;658x877;360x480
728659345342;Byredo Inflorescence;1;728659345342-01.webp;https://raw.githubusercontent.com/nikitabratischev/files/main/catalog-images/catalog-full/728659345342-01.webp;https://raw.githubusercontent.com/nikitabratischev/files/main/catalog-images/catalog-thumbs/728659345342-01.webp;12794;4984;658x877;360x480
729850177232;Thomas Kosmala 4 Apres l`Amour;1;729850177232-01.webp;https://raw.githubusercontent.com/nikitabratischev/files/main/catalog-images/catalog-full/729850177232-01.webp;https://raw.githubusercontent.com/nikitabratischev/files/main/catalog-images/catalog-thumbs/729850177232-01.webp;8426;3136;658x877;360x480
730147395412;Armani Prive Pivoine Suzhou;1;730147395412-01.webp;https://raw.githubusercontent.com/nikitabratischev/files/main/catalog-images/catalog-full/730147395412-01.webp;https://raw.githubusercontent.com/nikitabratischev/files/main/catalog-images/catalog-thumbs/730147395412-01.webp;10030;3478;658x877;360x480
731525400271;"Хит-Сет ""Манго"" 4 х 5 ml";1;731525400271-01.webp;https://raw.githubusercontent.com/nikitabratischev/files/main/catalog-images/catalog-full/731525400271-01.webp;https://raw.githubusercontent.com/nikitabratischev/files/main/catalog-images/catalog-thumbs/731525400271-01.webp;40736;8834;900x1200;360x480
731525400271;"Хит-Сет ""Манго"" 4 х 5 ml";2;731525400271-02.webp;https://raw.githubusercontent.com/nikitabratischev/files/main/catalog-images/catalog-full/731525400271-02.webp;https://raw.githubusercontent.com/nikitabratischev/files/main/catalog-images/catalog-thumbs/731525400271-02.webp;37416;4916;880x1200;352x480
731999412981;Essential Parfums Divine Vanille;1;731999412981-01.webp;https://raw.githubusercontent.com/nikitabratischev/files/main/catalog-images/catalog-full/731999412981-01.webp;https://raw.githubusercontent.com/nikitabratischev/files/main/catalog-images/catalog-thumbs/731999412981-01.webp;15308;3622;809x1078;360x480
737669941422;Genyum Painter;1;737669941422-01.webp;https://raw.githubusercontent.com/nikitabratischev/files/main/catalog-images/catalog-full/737669941422-01.webp;https://raw.githubusercontent.com/nikitabratischev/files/main/catalog-images/catalog-thumbs/737669941422-01.webp;11872;3556;658x877;360x480
737891396102;Parfums de Marly Delina La Rosee;1;737891396102-01.webp;https://raw.githubusercontent.com/nikitabratischev/files/main/catalog-images/catalog-full/737891396102-01.webp;https://raw.githubusercontent.com/nikitabratischev/files/main/catalog-images/catalog-thumbs/737891396102-01.webp;14246;4548;658x877;360x480
738200001472;Thierry Mugler Aura;1;738200001472-01.webp;https://raw.githubusercontent.com/nikitabratischev/files/main/catalog-images/catalog-full/738200001472-01.webp;https://raw.githubusercontent.com/nikitabratischev/files/main/catalog-images/catalog-thumbs/738200001472-01.webp;31526;11440;658x877;360x480
738525689361;Parfums de Marly Athalia;1;738525689361-01.webp;https://raw.githubusercontent.com/nikitabratischev/files/main/catalog-images/catalog-full/738525689361-01.webp;https://raw.githubusercontent.com/nikitabratischev/files/main/catalog-images/catalog-thumbs/738525689361-01.webp;8026;3892;486x648;360x480
738898247552;Richard White Chocola;1;738898247552-01.webp;https://raw.githubusercontent.com/nikitabratischev/files/main/catalog-images/catalog-full/738898247552-01.webp;https://raw.githubusercontent.com/nikitabratischev/files/main/catalog-images/catalog-thumbs/738898247552-01.webp;8084;2746;658x877;360x480
739541336112;MiN New York Momento;1;739541336112-01.webp;https://raw.githubusercontent.com/nikitabratischev/files/main/catalog-images/catalog-full/739541336112-01.webp;https://raw.githubusercontent.com/nikitabratischev/files/main/catalog-images/catalog-thumbs/739541336112-01.webp;14270;4034;658x877;360x480
741944894282;Xerjoff Casamorati 1888;1;741944894282-01.webp;https://raw.githubusercontent.com/nikitabratischev/files/main/catalog-images/catalog-full/741944894282-01.webp;https://raw.githubusercontent.com/nikitabratischev/files/main/catalog-images/catalog-thumbs/741944894282-01.webp;21568;6998;658x877;360x480
742223902991;Tom Ford Sole di Positano acqua;1;742223902991-01.webp;https://raw.githubusercontent.com/nikitabratischev/files/main/catalog-images/catalog-full/742223902991-01.webp;https://raw.githubusercontent.com/nikitabratischev/files/main/catalog-images/catalog-thumbs/742223902991-01.webp;7916;3560;601x801;360x480
744591110162;Amouage Epic Woman;1;744591110162-01.webp;https://raw.githubusercontent.com/nikitabratischev/files/main/catalog-images/catalog-full/744591110162-01.webp;https://raw.githubusercontent.com/nikitabratischev/files/main/catalog-images/catalog-thumbs/744591110162-01.webp;19688;7514;658x877;360x480
748232655451;Floraiku I Dream of Paris;1;748232655451-01.webp;https://raw.githubusercontent.com/nikitabratischev/files/main/catalog-images/catalog-full/748232655451-01.webp;https://raw.githubusercontent.com/nikitabratischev/files/main/catalog-images/catalog-thumbs/748232655451-01.webp;22830;5694;704x939;360x480
748979174551;Les Eaux PrimordiaLes Ambre Superfluide;1;748979174551-01.webp;https://raw.githubusercontent.com/nikitabratischev/files/main/catalog-images/catalog-full/748979174551-01.webp;https://raw.githubusercontent.com/nikitabratischev/files/main/catalog-images/catalog-thumbs/748979174551-01.webp;7584;2466;803x1071;360x480
749473832332;Nishane Ani X;1;749473832332-01.webp;https://raw.githubusercontent.com/nikitabratischev/files/main/catalog-images/catalog-full/749473832332-01.webp;https://raw.githubusercontent.com/nikitabratischev/files/main/catalog-images/catalog-thumbs/749473832332-01.webp;20326;7032;658x877;360x480
752864859232;Clive Christian V for Women Fruity Floral With Dark Plum;1;752864859232-01.webp;https://raw.githubusercontent.com/nikitabratischev/files/main/catalog-images/catalog-full/752864859232-01.webp;https://raw.githubusercontent.com/nikitabratischev/files/main/catalog-images/catalog-thumbs/752864859232-01.webp;18050;6578;658x877;360x480
760015980171;Narciso Rodriguez Fleur Musc for Her;1;760015980171-01.webp;https://raw.githubusercontent.com/nikitabratischev/files/main/catalog-images/catalog-full/760015980171-01.webp;https://raw.githubusercontent.com/nikitabratischev/files/main/catalog-images/catalog-thumbs/760015980171-01.webp;9084;2456;858x1144;360x480
762805008113;Memo Retba;1;762805008113-01.webp;https://raw.githubusercontent.com/nikitabratischev/files/main/catalog-images/catalog-full/762805008113-01.webp;https://raw.githubusercontent.com/nikitabratischev/files/main/catalog-images/catalog-thumbs/762805008113-01.webp;22752;7522;658x877;360x480
764179022691;Lancome Tresor Midnight Rose;1;764179022691-01.webp;https://raw.githubusercontent.com/nikitabratischev/files/main/catalog-images/catalog-full/764179022691-01.webp;https://raw.githubusercontent.com/nikitabratischev/files/main/catalog-images/catalog-thumbs/764179022691-01.webp;7094;3860;495x660;360x480
766433361322;HFC Devil's Intrigue new design;1;766433361322-01.webp;https://raw.githubusercontent.com/nikitabratischev/files/main/catalog-images/catalog-full/766433361322-01.webp;https://raw.githubusercontent.com/nikitabratischev/files/main/catalog-images/catalog-thumbs/766433361322-01.webp;16438;6096;658x877;360x480
767223050431;Amouage Lyric Woman;1;767223050431-01.webp;https://raw.githubusercontent.com/nikitabratischev/files/main/catalog-images/catalog-full/767223050431-01.webp;https://raw.githubusercontent.com/nikitabratischev/files/main/catalog-images/catalog-thumbs/767223050431-01.webp;17426;5914;678x904;360x480
770411855311;Tom Ford White Patchouli;1;770411855311-01.webp;https://raw.githubusercontent.com/nikitabratischev/files/main/catalog-images/catalog-full/770411855311-01.webp;https://raw.githubusercontent.com/nikitabratischev/files/main/catalog-images/catalog-thumbs/770411855311-01.webp;15994;2996;900x1200;360x480
771002812553;Lancôme Rose Peonia;1;771002812553-01.webp;https://raw.githubusercontent.com/nikitabratischev/files/main/catalog-images/catalog-full/771002812553-01.webp;https://raw.githubusercontent.com/nikitabratischev/files/main/catalog-images/catalog-thumbs/771002812553-01.webp;16418;5620;658x877;360x480
772844435992;V Canto Mirabile;1;772844435992-01.webp;https://raw.githubusercontent.com/nikitabratischev/files/main/catalog-images/catalog-full/772844435992-01.webp;https://raw.githubusercontent.com/nikitabratischev/files/main/catalog-images/catalog-thumbs/772844435992-01.webp;12776;2678;900x1200;360x480
773608158972;Carolina Herrera Good Girl Blush;1;773608158972-01.webp;https://raw.githubusercontent.com/nikitabratischev/files/main/catalog-images/catalog-full/773608158972-01.webp;https://raw.githubusercontent.com/nikitabratischev/files/main/catalog-images/catalog-thumbs/773608158972-01.webp;10484;3610;658x877;360x480
777106484112;Gritti Adele;1;777106484112-01.webp;https://raw.githubusercontent.com/nikitabratischev/files/main/catalog-images/catalog-full/777106484112-01.webp;https://raw.githubusercontent.com/nikitabratischev/files/main/catalog-images/catalog-thumbs/777106484112-01.webp;8172;2530;658x877;360x480
778839131571;Clive Christian Jump Up and Kiss Me Ecstatic;1;778839131571-01.webp;https://raw.githubusercontent.com/nikitabratischev/files/main/catalog-images/catalog-full/778839131571-01.webp;https://raw.githubusercontent.com/nikitabratischev/files/main/catalog-images/catalog-thumbs/778839131571-01.webp;15098;5760;658x877;360x480
779263538001;Memo Siwa;1;779263538001-01.webp;https://raw.githubusercontent.com/nikitabratischev/files/main/catalog-images/catalog-full/779263538001-01.webp;https://raw.githubusercontent.com/nikitabratischev/files/main/catalog-images/catalog-thumbs/779263538001-01.webp;9908;3154;658x877;360x480
781728314151;Tom Ford White suede;1;781728314151-01.webp;https://raw.githubusercontent.com/nikitabratischev/files/main/catalog-images/catalog-full/781728314151-01.webp;https://raw.githubusercontent.com/nikitabratischev/files/main/catalog-images/catalog-thumbs/781728314151-01.webp;8380;3220;634x845;360x480
787959014132;Boadicea the Victorious Heroine;1;787959014132-01.webp;https://raw.githubusercontent.com/nikitabratischev/files/main/catalog-images/catalog-full/787959014132-01.webp;https://raw.githubusercontent.com/nikitabratischev/files/main/catalog-images/catalog-thumbs/787959014132-01.webp;26012;8998;658x877;360x480
798707670822;Initio Addictive Vibration;1;798707670822-01.webp;https://raw.githubusercontent.com/nikitabratischev/files/main/catalog-images/catalog-full/798707670822-01.webp;https://raw.githubusercontent.com/nikitabratischev/files/main/catalog-images/catalog-thumbs/798707670822-01.webp;5740;3350;450x600;360x480
800787430912;Byredo Bal D'Afrique;1;800787430912-01.webp;https://raw.githubusercontent.com/nikitabratischev/files/main/catalog-images/catalog-full/800787430912-01.webp;https://raw.githubusercontent.com/nikitabratischev/files/main/catalog-images/catalog-thumbs/800787430912-01.webp;12726;4876;658x877;360x480
802943492042;Kilian Rolling In Love;1;802943492042-01.webp;https://raw.githubusercontent.com/nikitabratischev/files/main/catalog-images/catalog-full/802943492042-01.webp;https://raw.githubusercontent.com/nikitabratischev/files/main/catalog-images/catalog-thumbs/802943492042-01.webp;13380;4498;658x877;360x480
804352636321;Le Labo The Noir 29;1;804352636321-01.webp;https://raw.githubusercontent.com/nikitabratischev/files/main/catalog-images/catalog-full/804352636321-01.webp;https://raw.githubusercontent.com/nikitabratischev/files/main/catalog-images/catalog-thumbs/804352636321-01.webp;9196;3504;658x877;360x480
807048079642;Lalique 1905 Terres Aromatiques;1;807048079642-01.webp;https://raw.githubusercontent.com/nikitabratischev/files/main/catalog-images/catalog-full/807048079642-01.webp;https://raw.githubusercontent.com/nikitabratischev/files/main/catalog-images/catalog-thumbs/807048079642-01.webp;12636;4684;658x877;360x480
818055737271;Memo Corfu;1;818055737271-01.webp;https://raw.githubusercontent.com/nikitabratischev/files/main/catalog-images/catalog-full/818055737271-01.webp;https://raw.githubusercontent.com/nikitabratischev/files/main/catalog-images/catalog-thumbs/818055737271-01.webp;15298;5912;573x764;360x480
821654071792;Guerlain Angelique Noire;1;821654071792-01.webp;https://raw.githubusercontent.com/nikitabratischev/files/main/catalog-images/catalog-full/821654071792-01.webp;https://raw.githubusercontent.com/nikitabratischev/files/main/catalog-images/catalog-thumbs/821654071792-01.webp;23036;7618;658x877;360x480
821908056111;The Merchant of Venice Andalusian Soul;1;821908056111-01.webp;https://raw.githubusercontent.com/nikitabratischev/files/main/catalog-images/catalog-full/821908056111-01.webp;https://raw.githubusercontent.com/nikitabratischev/files/main/catalog-images/catalog-thumbs/821908056111-01.webp;17902;4438;900x1200;360x480
822414585311;"Хит-Сет ""Цвет настроения - белый"" 4 х 5 ml";1;822414585311-01.webp;https://raw.githubusercontent.com/nikitabratischev/files/main/catalog-images/catalog-full/822414585311-01.webp;https://raw.githubusercontent.com/nikitabratischev/files/main/catalog-images/catalog-thumbs/822414585311-01.webp;34456;8138;900x1200;360x480
822414585311;"Хит-Сет ""Цвет настроения - белый"" 4 х 5 ml";2;822414585311-02.webp;https://raw.githubusercontent.com/nikitabratischev/files/main/catalog-images/catalog-full/822414585311-02.webp;https://raw.githubusercontent.com/nikitabratischev/files/main/catalog-images/catalog-thumbs/822414585311-02.webp;37416;4916;880x1200;352x480
825242457952;Amouage Guidance;1;825242457952-01.webp;https://raw.githubusercontent.com/nikitabratischev/files/main/catalog-images/catalog-full/825242457952-01.webp;https://raw.githubusercontent.com/nikitabratischev/files/main/catalog-images/catalog-thumbs/825242457952-01.webp;8520;3284;658x877;360x480
826022368331;Tom Ford Rose Prick;1;826022368331-01.webp;https://raw.githubusercontent.com/nikitabratischev/files/main/catalog-images/catalog-full/826022368331-01.webp;https://raw.githubusercontent.com/nikitabratischev/files/main/catalog-images/catalog-thumbs/826022368331-01.webp;6242;3148;575x767;360x480
832800447011;HFC Indian Venus;1;832800447011-01.webp;https://raw.githubusercontent.com/nikitabratischev/files/main/catalog-images/catalog-full/832800447011-01.webp;https://raw.githubusercontent.com/nikitabratischev/files/main/catalog-images/catalog-thumbs/832800447011-01.webp;21882;6058;672x896;360x480
833702725313;"Dolce &amp; Gabbana The One";1;833702725313-01.webp;https://raw.githubusercontent.com/nikitabratischev/files/main/catalog-images/catalog-full/833702725313-01.webp;https://raw.githubusercontent.com/nikitabratischev/files/main/catalog-images/catalog-thumbs/833702725313-01.webp;14906;5040;658x877;360x480
836248580722;Essential Parfums Neroli Botanica;1;836248580722-01.webp;https://raw.githubusercontent.com/nikitabratischev/files/main/catalog-images/catalog-full/836248580722-01.webp;https://raw.githubusercontent.com/nikitabratischev/files/main/catalog-images/catalog-thumbs/836248580722-01.webp;8512;2968;658x877;360x480
836455973011;Initio Atomic rose;1;836455973011-01.webp;https://raw.githubusercontent.com/nikitabratischev/files/main/catalog-images/catalog-full/836455973011-01.webp;https://raw.githubusercontent.com/nikitabratischev/files/main/catalog-images/catalog-thumbs/836455973011-01.webp;3810;2316;450x600;360x480
838683552352;Akro Haze;1;838683552352-01.webp;https://raw.githubusercontent.com/nikitabratischev/files/main/catalog-images/catalog-full/838683552352-01.webp;https://raw.githubusercontent.com/nikitabratischev/files/main/catalog-images/catalog-thumbs/838683552352-01.webp;10216;3268;658x877;360x480
839567910991;Xerjoff Comandante;1;839567910991-01.webp;https://raw.githubusercontent.com/nikitabratischev/files/main/catalog-images/catalog-full/839567910991-01.webp;https://raw.githubusercontent.com/nikitabratischev/files/main/catalog-images/catalog-thumbs/839567910991-01.webp;13114;3836;736x981;360x480
839574140752;Zara Amber Satin;1;839574140752-01.webp;https://raw.githubusercontent.com/nikitabratischev/files/main/catalog-images/catalog-full/839574140752-01.webp;https://raw.githubusercontent.com/nikitabratischev/files/main/catalog-images/catalog-thumbs/839574140752-01.webp;6740;2466;658x877;360x480
840284039472;Bvlgari (Bulgari) Le Gemme Tygar;1;840284039472-01.webp;https://raw.githubusercontent.com/nikitabratischev/files/main/catalog-images/catalog-full/840284039472-01.webp;https://raw.githubusercontent.com/nikitabratischev/files/main/catalog-images/catalog-thumbs/840284039472-01.webp;6752;2808;658x877;360x480
840714224611;Bouge Drunk Cherry;1;840714224611-01.webp;https://raw.githubusercontent.com/nikitabratischev/files/main/catalog-images/catalog-full/840714224611-01.webp;https://raw.githubusercontent.com/nikitabratischev/files/main/catalog-images/catalog-thumbs/840714224611-01.webp;13062;5124;600x800;360x480
841727065502;Marc-Antoine Barrois Encelade;1;841727065502-01.webp;https://raw.githubusercontent.com/nikitabratischev/files/main/catalog-images/catalog-full/841727065502-01.webp;https://raw.githubusercontent.com/nikitabratischev/files/main/catalog-images/catalog-thumbs/841727065502-01.webp;8660;3230;658x877;360x480
841793876332;Memo Sintra;1;841793876332-01.webp;https://raw.githubusercontent.com/nikitabratischev/files/main/catalog-images/catalog-full/841793876332-01.webp;https://raw.githubusercontent.com/nikitabratischev/files/main/catalog-images/catalog-thumbs/841793876332-01.webp;20688;6422;658x877;360x480
842599763472;Lush Karma;1;842599763472-01.webp;https://raw.githubusercontent.com/nikitabratischev/files/main/catalog-images/catalog-full/842599763472-01.webp;https://raw.githubusercontent.com/nikitabratischev/files/main/catalog-images/catalog-thumbs/842599763472-01.webp;9956;3474;658x877;360x480
846921009891;Dior Hypnotic Poison;1;846921009891-01.webp;https://raw.githubusercontent.com/nikitabratischev/files/main/catalog-images/catalog-full/846921009891-01.webp;https://raw.githubusercontent.com/nikitabratischev/files/main/catalog-images/catalog-thumbs/846921009891-01.webp;15856;5718;633x844;360x480
848970580222;Initio Oud For Greatness;1;848970580222-01.webp;https://raw.githubusercontent.com/nikitabratischev/files/main/catalog-images/catalog-full/848970580222-01.webp;https://raw.githubusercontent.com/nikitabratischev/files/main/catalog-images/catalog-thumbs/848970580222-01.webp;32916;11842;658x877;360x480
853346432351;Guerlain La Petite Robe Noire;1;853346432351-01.webp;https://raw.githubusercontent.com/nikitabratischev/files/main/catalog-images/catalog-full/853346432351-01.webp;https://raw.githubusercontent.com/nikitabratischev/files/main/catalog-images/catalog-thumbs/853346432351-01.webp;13108;6050;600x800;360x480
855537954962;Memo French Leather;1;855537954962-01.webp;https://raw.githubusercontent.com/nikitabratischev/files/main/catalog-images/catalog-full/855537954962-01.webp;https://raw.githubusercontent.com/nikitabratischev/files/main/catalog-images/catalog-thumbs/855537954962-01.webp;17160;4536;658x877;360x480
855541556742;Osmassino Soul;1;855541556742-01.webp;https://raw.githubusercontent.com/nikitabratischev/files/main/catalog-images/catalog-full/855541556742-01.webp;https://raw.githubusercontent.com/nikitabratischev/files/main/catalog-images/catalog-thumbs/855541556742-01.webp;7100;3028;658x877;360x480
856625759151;Clive Christian L for Women;1;856625759151-01.webp;https://raw.githubusercontent.com/nikitabratischev/files/main/catalog-images/catalog-full/856625759151-01.webp;https://raw.githubusercontent.com/nikitabratischev/files/main/catalog-images/catalog-thumbs/856625759151-01.webp;10340;5928;400x600;320x480
867263576692;Kilian Back To Black (Aphrodisiac);1;867263576692-01.webp;https://raw.githubusercontent.com/nikitabratischev/files/main/catalog-images/catalog-full/867263576692-01.webp;https://raw.githubusercontent.com/nikitabratischev/files/main/catalog-images/catalog-thumbs/867263576692-01.webp;11492;3680;658x877;360x480
869074141082;Kilian Angel's Share;1;869074141082-01.webp;https://raw.githubusercontent.com/nikitabratischev/files/main/catalog-images/catalog-full/869074141082-01.webp;https://raw.githubusercontent.com/nikitabratischev/files/main/catalog-images/catalog-thumbs/869074141082-01.webp;61410;17980;658x877;360x480
870925140512;Orto Parisi Cuoium;1;870925140512-01.webp;https://raw.githubusercontent.com/nikitabratischev/files/main/catalog-images/catalog-full/870925140512-01.webp;https://raw.githubusercontent.com/nikitabratischev/files/main/catalog-images/catalog-thumbs/870925140512-01.webp;10362;2636;658x877;360x480
871637286551;Gritti Chantilly;1;871637286551-01.webp;https://raw.githubusercontent.com/nikitabratischev/files/main/catalog-images/catalog-full/871637286551-01.webp;https://raw.githubusercontent.com/nikitabratischev/files/main/catalog-images/catalog-thumbs/871637286551-01.webp;6012;2658;562x749;360x480
874508801092;Chanel Comete;1;874508801092-01.webp;https://raw.githubusercontent.com/nikitabratischev/files/main/catalog-images/catalog-full/874508801092-01.webp;https://raw.githubusercontent.com/nikitabratischev/files/main/catalog-images/catalog-thumbs/874508801092-01.webp;10490;3620;658x877;360x480
876858050033;Rabdan Melodia;1;876858050033-01.webp;https://raw.githubusercontent.com/nikitabratischev/files/main/catalog-images/catalog-full/876858050033-01.webp;https://raw.githubusercontent.com/nikitabratischev/files/main/catalog-images/catalog-thumbs/876858050033-01.webp;18616;4514;658x877;360x480
878016528361;Gritti Tutu blanc;1;878016528361-01.webp;https://raw.githubusercontent.com/nikitabratischev/files/main/catalog-images/catalog-full/878016528361-01.webp;https://raw.githubusercontent.com/nikitabratischev/files/main/catalog-images/catalog-thumbs/878016528361-01.webp;10542;3008;750x1000;360x480
879984455742;Carner Barcelona Bo-Bo;1;879984455742-01.webp;https://raw.githubusercontent.com/nikitabratischev/files/main/catalog-images/catalog-full/879984455742-01.webp;https://raw.githubusercontent.com/nikitabratischev/files/main/catalog-images/catalog-thumbs/879984455742-01.webp;23172;6714;658x877;360x480
883252571003;Memo Sicilian Leather;1;883252571003-01.webp;https://raw.githubusercontent.com/nikitabratischev/files/main/catalog-images/catalog-full/883252571003-01.webp;https://raw.githubusercontent.com/nikitabratischev/files/main/catalog-images/catalog-thumbs/883252571003-01.webp;21154;5994;658x877;360x480
885432804552;Les Liquides Imaginaires Dom Rosa;1;885432804552-01.webp;https://raw.githubusercontent.com/nikitabratischev/files/main/catalog-images/catalog-full/885432804552-01.webp;https://raw.githubusercontent.com/nikitabratischev/files/main/catalog-images/catalog-thumbs/885432804552-01.webp;17630;5014;658x877;360x480
885470971212;Kilian liaisons Dangereuses;1;885470971212-01.webp;https://raw.githubusercontent.com/nikitabratischev/files/main/catalog-images/catalog-full/885470971212-01.webp;https://raw.githubusercontent.com/nikitabratischev/files/main/catalog-images/catalog-thumbs/885470971212-01.webp;11440;3754;658x877;360x480
885979460441;Zoologist Perfumes Koala;1;885979460441-01.webp;https://raw.githubusercontent.com/nikitabratischev/files/main/catalog-images/catalog-full/885979460441-01.webp;https://raw.githubusercontent.com/nikitabratischev/files/main/catalog-images/catalog-thumbs/885979460441-01.webp;6822;5214;374x499;360x480
887054303902;Maison Francis Kurkdjian Oud Silk Mood extrait;1;887054303902-01.webp;https://raw.githubusercontent.com/nikitabratischev/files/main/catalog-images/catalog-full/887054303902-01.webp;https://raw.githubusercontent.com/nikitabratischev/files/main/catalog-images/catalog-thumbs/887054303902-01.webp;15342;5990;658x877;360x480
890977959172;Stephane Humbert Lucas 777 Wish Come True;1;890977959172-01.webp;https://raw.githubusercontent.com/nikitabratischev/files/main/catalog-images/catalog-full/890977959172-01.webp;https://raw.githubusercontent.com/nikitabratischev/files/main/catalog-images/catalog-thumbs/890977959172-01.webp;22322;8098;658x877;360x480
891291043922;Nishane Ani;1;891291043922-01.webp;https://raw.githubusercontent.com/nikitabratischev/files/main/catalog-images/catalog-full/891291043922-01.webp;https://raw.githubusercontent.com/nikitabratischev/files/main/catalog-images/catalog-thumbs/891291043922-01.webp;15824;5216;658x877;360x480
892794789682;Armaf Club De Nuit white Imperiale;1;892794789682-01.webp;https://raw.githubusercontent.com/nikitabratischev/files/main/catalog-images/catalog-full/892794789682-01.webp;https://raw.githubusercontent.com/nikitabratischev/files/main/catalog-images/catalog-thumbs/892794789682-01.webp;8706;3612;600x800;360x480
893174616302;Tom Ford Figue Erotique;1;893174616302-01.webp;https://raw.githubusercontent.com/nikitabratischev/files/main/catalog-images/catalog-full/893174616302-01.webp;https://raw.githubusercontent.com/nikitabratischev/files/main/catalog-images/catalog-thumbs/893174616302-01.webp;12012;4602;658x877;360x480
897128168532;Creed Love In Black;1;897128168532-01.webp;https://raw.githubusercontent.com/nikitabratischev/files/main/catalog-images/catalog-full/897128168532-01.webp;https://raw.githubusercontent.com/nikitabratischev/files/main/catalog-images/catalog-thumbs/897128168532-01.webp;8868;3740;588x784;360x480
898770506142;Initio Paragon;1;898770506142-01.webp;https://raw.githubusercontent.com/nikitabratischev/files/main/catalog-images/catalog-full/898770506142-01.webp;https://raw.githubusercontent.com/nikitabratischev/files/main/catalog-images/catalog-thumbs/898770506142-01.webp;3736;2054;450x600;360x480
899218434371;Kajal Joorie;1;899218434371-01.webp;https://raw.githubusercontent.com/nikitabratischev/files/main/catalog-images/catalog-full/899218434371-01.webp;https://raw.githubusercontent.com/nikitabratischev/files/main/catalog-images/catalog-thumbs/899218434371-01.webp;8030;3290;658x877;360x480
899694430291;Mancera Tonka Cola;1;899694430291-01.webp;https://raw.githubusercontent.com/nikitabratischev/files/main/catalog-images/catalog-full/899694430291-01.webp;https://raw.githubusercontent.com/nikitabratischev/files/main/catalog-images/catalog-thumbs/899694430291-01.webp;20610;4726;1200x1200;480x480
901218178031;Montale Intense Cherry;1;901218178031-01.webp;https://raw.githubusercontent.com/nikitabratischev/files/main/catalog-images/catalog-full/901218178031-01.webp;https://raw.githubusercontent.com/nikitabratischev/files/main/catalog-images/catalog-thumbs/901218178031-01.webp;19292;4996;900x1200;360x480
906657483993;Ella K Camelia K;1;906657483993-01.webp;https://raw.githubusercontent.com/nikitabratischev/files/main/catalog-images/catalog-full/906657483993-01.webp;https://raw.githubusercontent.com/nikitabratischev/files/main/catalog-images/catalog-thumbs/906657483993-01.webp;10264;3862;658x877;360x480
908371819902;Etat Libre D'Orange (ELDO) You Or Someone Like You;1;908371819902-01.webp;https://raw.githubusercontent.com/nikitabratischev/files/main/catalog-images/catalog-full/908371819902-01.webp;https://raw.githubusercontent.com/nikitabratischev/files/main/catalog-images/catalog-thumbs/908371819902-01.webp;23486;8366;658x877;360x480
909563482402;Kilian Woman in Gold;1;909563482402-01.webp;https://raw.githubusercontent.com/nikitabratischev/files/main/catalog-images/catalog-full/909563482402-01.webp;https://raw.githubusercontent.com/nikitabratischev/files/main/catalog-images/catalog-thumbs/909563482402-01.webp;13584;4604;658x877;360x480
909694584482;Escentric Molecules Escentric 03;1;909694584482-01.webp;https://raw.githubusercontent.com/nikitabratischev/files/main/catalog-images/catalog-full/909694584482-01.webp;https://raw.githubusercontent.com/nikitabratischev/files/main/catalog-images/catalog-thumbs/909694584482-01.webp;17792;6402;658x877;360x480
910502340421;Patrice Martin Miss Cherry;1;910502340421-01.webp;https://raw.githubusercontent.com/nikitabratischev/files/main/catalog-images/catalog-full/910502340421-01.webp;https://raw.githubusercontent.com/nikitabratischev/files/main/catalog-images/catalog-thumbs/910502340421-01.webp;6444;3816;465x620;360x480
911263853032;Lancome Parfait de Roses;1;911263853032-01.webp;https://raw.githubusercontent.com/nikitabratischev/files/main/catalog-images/catalog-full/911263853032-01.webp;https://raw.githubusercontent.com/nikitabratischev/files/main/catalog-images/catalog-thumbs/911263853032-01.webp;27740;8402;658x877;360x480
911263853032;Lancome Parfait de Roses;2;911263853032-02.webp;https://raw.githubusercontent.com/nikitabratischev/files/main/catalog-images/catalog-full/911263853032-02.webp;https://raw.githubusercontent.com/nikitabratischev/files/main/catalog-images/catalog-thumbs/911263853032-02.webp;25520;5538;900x1200;360x480
911263853032;Lancome Parfait de Roses;3;911263853032-03.webp;https://raw.githubusercontent.com/nikitabratischev/files/main/catalog-images/catalog-full/911263853032-03.webp;https://raw.githubusercontent.com/nikitabratischev/files/main/catalog-images/catalog-thumbs/911263853032-03.webp;37416;4916;880x1200;352x480
911263853032;Lancome Parfait de Roses;4;911263853032-04.webp;https://raw.githubusercontent.com/nikitabratischev/files/main/catalog-images/catalog-full/911263853032-04.webp;https://raw.githubusercontent.com/nikitabratischev/files/main/catalog-images/catalog-thumbs/911263853032-04.webp;30168;6384;900x1200;360x480
911551315441;Franck Boclet Icon;1;911551315441-01.webp;https://raw.githubusercontent.com/nikitabratischev/files/main/catalog-images/catalog-full/911551315441-01.webp;https://raw.githubusercontent.com/nikitabratischev/files/main/catalog-images/catalog-thumbs/911551315441-01.webp;4858;1878;658x877;360x480
912145260432;Clive Christian Noble VII Cosmos Flower Queen Anne;1;912145260432-01.webp;https://raw.githubusercontent.com/nikitabratischev/files/main/catalog-images/catalog-full/912145260432-01.webp;https://raw.githubusercontent.com/nikitabratischev/files/main/catalog-images/catalog-thumbs/912145260432-01.webp;10546;3908;658x877;360x480
918875476292;Xerjoff Sospiro Liberto;1;918875476292-01.webp;https://raw.githubusercontent.com/nikitabratischev/files/main/catalog-images/catalog-full/918875476292-01.webp;https://raw.githubusercontent.com/nikitabratischev/files/main/catalog-images/catalog-thumbs/918875476292-01.webp;9900;3688;658x877;360x480
919241898652;Carolina Herrera Very Good Girl Elixir;1;919241898652-01.webp;https://raw.githubusercontent.com/nikitabratischev/files/main/catalog-images/catalog-full/919241898652-01.webp;https://raw.githubusercontent.com/nikitabratischev/files/main/catalog-images/catalog-thumbs/919241898652-01.webp;7608;3038;658x877;360x480
919393083552;Chopard Magnolia Au Vetiver du Haiti;1;919393083552-01.webp;https://raw.githubusercontent.com/nikitabratischev/files/main/catalog-images/catalog-full/919393083552-01.webp;https://raw.githubusercontent.com/nikitabratischev/files/main/catalog-images/catalog-thumbs/919393083552-01.webp;15118;4882;658x877;360x480
921983222781;Kajal Almaz;1;921983222781-01.webp;https://raw.githubusercontent.com/nikitabratischev/files/main/catalog-images/catalog-full/921983222781-01.webp;https://raw.githubusercontent.com/nikitabratischev/files/main/catalog-images/catalog-thumbs/921983222781-01.webp;10884;4604;658x877;360x480
922030615971;Ameerat al Arab Asdaaf Prive Rose;1;922030615971-01.webp;https://raw.githubusercontent.com/nikitabratischev/files/main/catalog-images/catalog-full/922030615971-01.webp;https://raw.githubusercontent.com/nikitabratischev/files/main/catalog-images/catalog-thumbs/922030615971-01.webp;11742;3148;658x877;360x480
922498328851;Initio Psychedelic Love;1;922498328851-01.webp;https://raw.githubusercontent.com/nikitabratischev/files/main/catalog-images/catalog-full/922498328851-01.webp;https://raw.githubusercontent.com/nikitabratischev/files/main/catalog-images/catalog-thumbs/922498328851-01.webp;3810;2316;450x600;360x480
923899054402;Stephane Humbert Lucas 777 Soleil de Jeddah Mango Kiss;1;923899054402-01.webp;https://raw.githubusercontent.com/nikitabratischev/files/main/catalog-images/catalog-full/923899054402-01.webp;https://raw.githubusercontent.com/nikitabratischev/files/main/catalog-images/catalog-thumbs/923899054402-01.webp;24082;7094;658x877;360x480
928827077431;Xerjoff More Than Words;1;928827077431-01.webp;https://raw.githubusercontent.com/nikitabratischev/files/main/catalog-images/catalog-full/928827077431-01.webp;https://raw.githubusercontent.com/nikitabratischev/files/main/catalog-images/catalog-thumbs/928827077431-01.webp;13084;4014;736x981;360x480
929764273311;Memo Sherwood;1;929764273311-01.webp;https://raw.githubusercontent.com/nikitabratischev/files/main/catalog-images/catalog-full/929764273311-01.webp;https://raw.githubusercontent.com/nikitabratischev/files/main/catalog-images/catalog-thumbs/929764273311-01.webp;13228;5070;658x877;360x480
931339293442;Amouage Sunshine Woman;1;931339293442-01.webp;https://raw.githubusercontent.com/nikitabratischev/files/main/catalog-images/catalog-full/931339293442-01.webp;https://raw.githubusercontent.com/nikitabratischev/files/main/catalog-images/catalog-thumbs/931339293442-01.webp;12326;4332;658x877;360x480
931974328622;Ex Nihilo Gold Immortals;1;931974328622-01.webp;https://raw.githubusercontent.com/nikitabratischev/files/main/catalog-images/catalog-full/931974328622-01.webp;https://raw.githubusercontent.com/nikitabratischev/files/main/catalog-images/catalog-thumbs/931974328622-01.webp;11154;3838;599x799;360x480
932234926062;Vilhelm Parfumerie Dear Polly;1;932234926062-01.webp;https://raw.githubusercontent.com/nikitabratischev/files/main/catalog-images/catalog-full/932234926062-01.webp;https://raw.githubusercontent.com/nikitabratischev/files/main/catalog-images/catalog-thumbs/932234926062-01.webp;33650;11440;658x877;360x480
933733606221;Marc-Antoine Barrois Ganymede Extrait;1;933733606221-01.webp;https://raw.githubusercontent.com/nikitabratischev/files/main/catalog-images/catalog-full/933733606221-01.webp;https://raw.githubusercontent.com/nikitabratischev/files/main/catalog-images/catalog-thumbs/933733606221-01.webp;7640;3356;658x877;360x480
942064322452;Alhambra Kismet Angel;1;942064322452-01.webp;https://raw.githubusercontent.com/nikitabratischev/files/main/catalog-images/catalog-full/942064322452-01.webp;https://raw.githubusercontent.com/nikitabratischev/files/main/catalog-images/catalog-thumbs/942064322452-01.webp;19164;7106;658x877;360x480
944221795181;Mancera Roses Vanille;1;944221795181-01.webp;https://raw.githubusercontent.com/nikitabratischev/files/main/catalog-images/catalog-full/944221795181-01.webp;https://raw.githubusercontent.com/nikitabratischev/files/main/catalog-images/catalog-thumbs/944221795181-01.webp;13210;4992;634x845;360x480
944679501241;Amouage Journey Woman;1;944679501241-01.webp;https://raw.githubusercontent.com/nikitabratischev/files/main/catalog-images/catalog-full/944679501241-01.webp;https://raw.githubusercontent.com/nikitabratischev/files/main/catalog-images/catalog-thumbs/944679501241-01.webp;24982;5848;900x1200;360x480
945149332501;Ex Nihilo Fleur Narcotique Extrait;1;945149332501-01.webp;https://raw.githubusercontent.com/nikitabratischev/files/main/catalog-images/catalog-full/945149332501-01.webp;https://raw.githubusercontent.com/nikitabratischev/files/main/catalog-images/catalog-thumbs/945149332501-01.webp;15452;3214;877x1169;360x480
945605541392;Ivolora Melody;1;945605541392-01.webp;https://raw.githubusercontent.com/nikitabratischev/files/main/catalog-images/catalog-full/945605541392-01.webp;https://raw.githubusercontent.com/nikitabratischev/files/main/catalog-images/catalog-thumbs/945605541392-01.webp;14522;4700;658x877;360x480
945857654912;Vilhelm Parfumerie Darling Nikki;1;945857654912-01.webp;https://raw.githubusercontent.com/nikitabratischev/files/main/catalog-images/catalog-full/945857654912-01.webp;https://raw.githubusercontent.com/nikitabratischev/files/main/catalog-images/catalog-thumbs/945857654912-01.webp;21780;8590;658x877;360x480
946163808642;Tom Ford Ombre Leather;1;946163808642-01.webp;https://raw.githubusercontent.com/nikitabratischev/files/main/catalog-images/catalog-full/946163808642-01.webp;https://raw.githubusercontent.com/nikitabratischev/files/main/catalog-images/catalog-thumbs/946163808642-01.webp;5232;2262;658x877;360x480
947417949852;Stephane Humbert Lucas 777 Pink Boa;1;947417949852-01.webp;https://raw.githubusercontent.com/nikitabratischev/files/main/catalog-images/catalog-full/947417949852-01.webp;https://raw.githubusercontent.com/nikitabratischev/files/main/catalog-images/catalog-thumbs/947417949852-01.webp;19676;6534;658x877;360x480
950799265361;Boss Ma Vie de Femme Florale;1;950799265361-01.webp;https://raw.githubusercontent.com/nikitabratischev/files/main/catalog-images/catalog-full/950799265361-01.webp;https://raw.githubusercontent.com/nikitabratischev/files/main/catalog-images/catalog-thumbs/950799265361-01.webp;5650;1700;687x916;360x480
951256897592;Memo Eau de Memo;1;951256897592-01.webp;https://raw.githubusercontent.com/nikitabratischev/files/main/catalog-images/catalog-full/951256897592-01.webp;https://raw.githubusercontent.com/nikitabratischev/files/main/catalog-images/catalog-thumbs/951256897592-01.webp;21600;7756;658x877;360x480
953933340342;Zarkoperfume Purple Molecule 070.07;1;953933340342-01.webp;https://raw.githubusercontent.com/nikitabratischev/files/main/catalog-images/catalog-full/953933340342-01.webp;https://raw.githubusercontent.com/nikitabratischev/files/main/catalog-images/catalog-thumbs/953933340342-01.webp;11210;3912;658x877;360x480
957325629163;Kilian Intoxicated;1;957325629163-01.webp;https://raw.githubusercontent.com/nikitabratischev/files/main/catalog-images/catalog-full/957325629163-01.webp;https://raw.githubusercontent.com/nikitabratischev/files/main/catalog-images/catalog-thumbs/957325629163-01.webp;10464;3694;658x877;360x480
958032869073;Serge Dumonten Peach Brandy;1;958032869073-01.webp;https://raw.githubusercontent.com/nikitabratischev/files/main/catalog-images/catalog-full/958032869073-01.webp;https://raw.githubusercontent.com/nikitabratischev/files/main/catalog-images/catalog-thumbs/958032869073-01.webp;17290;5330;658x877;360x480
958507217191;Montale Dark Purple;1;958507217191-01.webp;https://raw.githubusercontent.com/nikitabratischev/files/main/catalog-images/catalog-full/958507217191-01.webp;https://raw.githubusercontent.com/nikitabratischev/files/main/catalog-images/catalog-thumbs/958507217191-01.webp;18402;4504;900x1200;360x480
958943892991;"Хит-Сет ""Для него"" 4 х 5 ml";1;958943892991-01.webp;https://raw.githubusercontent.com/nikitabratischev/files/main/catalog-images/catalog-full/958943892991-01.webp;https://raw.githubusercontent.com/nikitabratischev/files/main/catalog-images/catalog-thumbs/958943892991-01.webp;36534;8098;900x1200;360x480
958943892991;"Хит-Сет ""Для него"" 4 х 5 ml";2;958943892991-02.webp;https://raw.githubusercontent.com/nikitabratischev/files/main/catalog-images/catalog-full/958943892991-02.webp;https://raw.githubusercontent.com/nikitabratischev/files/main/catalog-images/catalog-thumbs/958943892991-02.webp;37416;4916;880x1200;352x480
959606436691;Ex Nihilo Lust In Paradise;1;959606436691-01.webp;https://raw.githubusercontent.com/nikitabratischev/files/main/catalog-images/catalog-full/959606436691-01.webp;https://raw.githubusercontent.com/nikitabratischev/files/main/catalog-images/catalog-thumbs/959606436691-01.webp;14756;3188;815x1086;360x480
964971734311;Maison Martin Margiela Replica By the Fireplace;1;964971734311-01.webp;https://raw.githubusercontent.com/nikitabratischev/files/main/catalog-images/catalog-full/964971734311-01.webp;https://raw.githubusercontent.com/nikitabratischev/files/main/catalog-images/catalog-thumbs/964971734311-01.webp;21862;6532;658x877;360x480
965464581931;Armani Prive Indigo Tanzanite;1;965464581931-01.webp;https://raw.githubusercontent.com/nikitabratischev/files/main/catalog-images/catalog-full/965464581931-01.webp;https://raw.githubusercontent.com/nikitabratischev/files/main/catalog-images/catalog-thumbs/965464581931-01.webp;10716;4212;658x877;360x480
967871440592;Floraiku And Your Lips;1;967871440592-01.webp;https://raw.githubusercontent.com/nikitabratischev/files/main/catalog-images/catalog-full/967871440592-01.webp;https://raw.githubusercontent.com/nikitabratischev/files/main/catalog-images/catalog-thumbs/967871440592-01.webp;8420;4252;450x600;360x480
968938908272;Nishane Hundred Silent Ways;1;968938908272-01.webp;https://raw.githubusercontent.com/nikitabratischev/files/main/catalog-images/catalog-full/968938908272-01.webp;https://raw.githubusercontent.com/nikitabratischev/files/main/catalog-images/catalog-thumbs/968938908272-01.webp;14050;5778;658x877;360x480
976948999032;Essential Parfums Bois Imperial extrait;1;976948999032-01.webp;https://raw.githubusercontent.com/nikitabratischev/files/main/catalog-images/catalog-full/976948999032-01.webp;https://raw.githubusercontent.com/nikitabratischev/files/main/catalog-images/catalog-thumbs/976948999032-01.webp;8420;3160;658x877;360x480
979718998721;Parfums de Marly Oriana;1;979718998721-01.webp;https://raw.githubusercontent.com/nikitabratischev/files/main/catalog-images/catalog-full/979718998721-01.webp;https://raw.githubusercontent.com/nikitabratischev/files/main/catalog-images/catalog-thumbs/979718998721-01.webp;14526;5066;586x781;360x480
982007398952;Kilian Musk Oud;1;982007398952-01.webp;https://raw.githubusercontent.com/nikitabratischev/files/main/catalog-images/catalog-full/982007398952-01.webp;https://raw.githubusercontent.com/nikitabratischev/files/main/catalog-images/catalog-thumbs/982007398952-01.webp;10992;3908;658x877;360x480
989772148342;Zara Amber Fever;1;989772148342-01.webp;https://raw.githubusercontent.com/nikitabratischev/files/main/catalog-images/catalog-full/989772148342-01.webp;https://raw.githubusercontent.com/nikitabratischev/files/main/catalog-images/catalog-thumbs/989772148342-01.webp;6006;2320;658x877;360x480
989963517872;Ivolora Perception;1;989963517872-01.webp;https://raw.githubusercontent.com/nikitabratischev/files/main/catalog-images/catalog-full/989963517872-01.webp;https://raw.githubusercontent.com/nikitabratischev/files/main/catalog-images/catalog-thumbs/989963517872-01.webp;8408;3278;658x877;360x480
992603428342;Genyum Writer;1;992603428342-01.webp;https://raw.githubusercontent.com/nikitabratischev/files/main/catalog-images/catalog-full/992603428342-01.webp;https://raw.githubusercontent.com/nikitabratischev/files/main/catalog-images/catalog-thumbs/992603428342-01.webp;10268;3160;658x877;360x480
998414880842;Creed Virgin Island Water;1;998414880842-01.webp;https://raw.githubusercontent.com/nikitabratischev/files/main/catalog-images/catalog-full/998414880842-01.webp;https://raw.githubusercontent.com/nikitabratischev/files/main/catalog-images/catalog-thumbs/998414880842-01.webp;10468;4128;658x877;360x480
998502833722;Kilian Smoking Hot;1;998502833722-01.webp;https://raw.githubusercontent.com/nikitabratischev/files/main/catalog-images/catalog-full/998502833722-01.webp;https://raw.githubusercontent.com/nikitabratischev/files/main/catalog-images/catalog-thumbs/998502833722-01.webp;10650;3672;658x877;360x480
998751149781;Attar Collection Al Rayhan;1;998751149781-01.webp;https://raw.githubusercontent.com/nikitabratischev/files/main/catalog-images/catalog-full/998751149781-01.webp;https://raw.githubusercontent.com/nikitabratischev/files/main/catalog-images/catalog-thumbs/998751149781-01.webp;17540;5486;601x801;360x480
